3,0.3995201,0.6271442,0.43556467,0.56825453,0.39690873,0.5737411,0.5310676,0.59754264,0.0,0.0,0.6533901,0.901414,0.31697378,0.93138105,0.0,0.0,0.0,0.0,0.0,0.0,0.0,0.0,0.0,0.0,0.0,0.0,0.0,0.0,0.0,0.0,0.0,0.0,0.0,0.0
3,0.40344325,0.63164365,0.43949443,0.570355,0.39837468,0.57361764,0.53121424,0.5952989,0.0,0.0,0.65294874,0.905836,0.31693736,0.93316424,0.0,0.0,0.0,0.0,0.0,0.0,0.0,0.0,0.0,0.0,0.0,0.0,0.0,0.0,0.0,0.0,0.0,0.0,0.0,0.0
3,0.4060042,0.6398855,0.44089127,0.5752772,0.40011224,0.5825108,0.5327274,0.5926715,0.0,0.0,0.65404236,0.90287906,0.3186346,0.93765545,0.0,0.0,0.0,0.0,0.0,0.0,0.0,0.0,0.0,0.0,0.0,0.0,0.0,0.0,0.0,0.0,0.0,0.0,0.0,0.0
3,0.40697932,0.6398849,0.44217545,0.57390577,0.39934987,0.58224463,0.5338445,0.5922884,0.0,0.0,0.6550059,0.9054403,0.3204011,0.94009614,0.0,0.0,0.0,0.0,0.0,0.0,0.0,0.0,0.0,0.0,0.0,0.0,0.0,0.0,0.0,0.0,0.0,0.0,0.0,0.0
3,0.4072917,0.6380751,0.44315463,0.572976,0.39962822,0.5822565,0.5352944,0.5974702,0.0,0.0,0.6591261,0.9123851,0.31447887,0.9463323,0.0,0.0,0.0,0.0,0.0,0.0,0.0,0.0,0.0,0.0,0.0,0.0,0.0,0.0,0.0,0.0,0.0,0.0,0.0,0.0
3,0.40632087,0.6327661,0.44309074,0.56990576,0.39925057,0.5764477,0.53544104,0.59546524,0.0,0.0,0.6539849,0.90391076,0.31965035,0.93413407,0.0,0.0,0.0,0.0,0.0,0.0,0.0,0.0,0.0,0.0,0.0,0.0,0.0,0.0,0.0,0.0,0.0,0.0,0.0,0.0
3,0.40846324,0.6373493,0.44344515,0.5737219,0.40160567,0.5797467,0.5329767,0.59206295,0.0,0.0,0.65399325,0.9049901,0.32187265,0.9313535,0.0,0.0,0.0,0.0,0.0,0.0,0.0,0.0,0.0,0.0,0.0,0.0,0.0,0.0,0.0,0.0,0.0,0.0,0.0,0.0
3,0.40355223,0.6266825,0.4397594,0.56541044,0.39896107,0.5694781,0.53401864,0.5893007,0.0,0.0,0.6570858,0.90240574,0.32817915,0.92401505,0.0,0.0,0.0,0.0,0.0,0.0,0.0,0.0,0.0,0.0,0.0,0.0,0.0,0.0,0.0,0.0,0.0,0.0,0.0,0.0
3,0.4039142,0.6299178,0.4401823,0.56828815,0.39841872,0.5727583,0.5321549,0.5919993,0.0,0.0,0.65148675,0.8995371,0.32405883,0.9246463,0.0,0.0,0.0,0.0,0.0,0.0,0.0,0.0,0.0,0.0,0.0,0.0,0.0,0.0,0.0,0.0,0.0,0.0,0.0,0.0
3,0.39811677,0.6171418,0.4348131,0.55787325,0.39530545,0.56547505,0.5318228,0.5903375,0.0,0.0,0.6530294,0.90035886,0.32652998,0.9300349,0.0,0.0,0.0,0.0,0.0,0.0,0.0,0.0,0.0,0.0,0.0,0.0,0.0,0.0,0.0,0.0,0.0,0.0,0.0,0.0
3,0.39867502,0.61613905,0.4355414,0.5580211,0.39641395,0.56396115,0.53149164,0.5929637,0.0,0.0,0.65332514,0.9048511,0.317166,0.9355757,0.0,0.0,0.0,0.0,0.0,0.0,0.0,0.0,0.0,0.0,0.0,0.0,0.0,0.0,0.0,0.0,0.0,0.0,0.0,0.0
3,0.4005986,0.5989827,0.43627453,0.54638857,0.40193662,0.5525003,0.5318744,0.5861306,0.0,0.0,0.6490515,0.8995568,0.33100072,0.92032486,0.0,0.0,0.0,0.0,0.0,0.0,0.0,0.0,0.0,0.0,0.0,0.0,0.0,0.0,0.0,0.0,0.0,0.0,0.0,0.0
3,0.40620917,0.5889218,0.4413425,0.54205996,0.40720692,0.5451454,0.5327946,0.59126365,0.0,0.0,0.6488872,0.9009896,0.33608946,0.9177535,0.0,0.0,0.0,0.0,0.0,0.0,0.0,0.0,0.0,0.0,0.0,0.0,0.0,0.0,0.0,0.0,0.0,0.0,0.0,0.0
3,0.40996933,0.5798201,0.44653592,0.53515077,0.4111077,0.53170353,0.5350567,0.5881364,0.0,0.0,0.6466121,0.90306276,0.33531433,0.9123806,0.0,0.0,0.0,0.0,0.0,0.0,0.0,0.0,0.0,0.0,0.0,0.0,0.0,0.0,0.0,0.0,0.0,0.0,0.0,0.0
3,0.41206217,0.5839787,0.44759488,0.5357435,0.41237372,0.53861624,0.53806734,0.58308625,0.0,0.0,0.65009725,0.9029212,0.3330781,0.9144464,0.0,0.0,0.0,0.0,0.0,0.0,0.0,0.0,0.0,0.0,0.0,0.0,0.0,0.0,0.0,0.0,0.0,0.0,0.0,0.0
3,0.4126212,0.5768678,0.4479114,0.5305303,0.41227093,0.5324843,0.5374318,0.5818272,0.0,0.0,0.64996886,0.89706576,0.35136625,0.90510035,0.0,0.0,0.0,0.0,0.0,0.0,0.0,0.0,0.0,0.0,0.0,0.0,0.0,0.0,0.0,0.0,0.0,0.0,0.0,0.0
3,0.41359916,0.570246,0.45103845,0.52660084,0.413128,0.5275822,0.5408939,0.5863469,0.0,0.0,0.65098417,0.9001879,0.32834724,0.91398346,0.0,0.0,0.0,0.0,0.0,0.0,0.0,0.0,0.0,0.0,0.0,0.0,0.0,0.0,0.0,0.0,0.0,0.0,0.0,0.0
3,0.4141217,0.5787412,0.45043415,0.5290864,0.41337243,0.53386515,0.5404549,0.57795215,0.0,0.0,0.64637655,0.9012317,0.33963102,0.9112191,0.0,0.0,0.0,0.0,0.0,0.0,0.0,0.0,0.0,0.0,0.0,0.0,0.0,0.0,0.0,0.0,0.0,0.0,0.0,0.0
3,0.4137078,0.5678342,0.45130688,0.5230693,0.41302735,0.5254309,0.5415012,0.58484286,0.0,0.0,0.6518036,0.90553963,0.32552058,0.9234972,0.0,0.0,0.0,0.0,0.0,0.0,0.0,0.0,0.0,0.0,0.0,0.0,0.0,0.0,0.0,0.0,0.0,0.0,0.0,0.0
3,0.41469702,0.5678741,0.45253953,0.5258967,0.41453066,0.52464575,0.5409716,0.5893609,0.0,0.0,0.6473719,0.9041568,0.33472705,0.9104499,0.0,0.0,0.0,0.0,0.0,0.0,0.0,0.0,0.0,0.0,0.0,0.0,0.0,0.0,0.0,0.0,0.0,0.0,0.0,0.0
3,0.4202915,0.55380136,0.45803994,0.511281,0.4203435,0.51428074,0.54767525,0.57571167,0.0,0.0,0.6509099,0.8959845,0.33423564,0.9038767,0.0,0.0,0.0,0.0,0.0,0.0,0.0,0.0,0.0,0.0,0.0,0.0,0.0,0.0,0.0,0.0,0.0,0.0,0.0,0.0
3,0.4217845,0.5502142,0.45904082,0.5099273,0.41976324,0.51412296,0.5464109,0.5771146,0.0,0.0,0.649867,0.8914175,0.3349356,0.89895165,0.0,0.0,0.0,0.0,0.0,0.0,0.0,0.0,0.0,0.0,0.0,0.0,0.0,0.0,0.0,0.0,0.0,0.0,0.0,0.0
3,0.41977447,0.5480014,0.45805687,0.50566214,0.4193674,0.5128757,0.5508788,0.57465386,0.0,0.0,0.6523753,0.8907502,0.33611372,0.906362,0.0,0.0,0.0,0.0,0.0,0.0,0.0,0.0,0.0,0.0,0.0,0.0,0.0,0.0,0.0,0.0,0.0,0.0,0.0,0.0
3,0.41655794,0.5519839,0.45472318,0.5109377,0.41652268,0.5138717,0.5454938,0.57917076,0.0,0.0,0.6480254,0.8973569,0.34469038,0.89913434,0.0,0.0,0.0,0.0,0.0,0.0,0.0,0.0,0.0,0.0,0.0,0.0,0.0,0.0,0.0,0.0,0.0,0.0,0.0,0.0
3,0.41579002,0.554211,0.45416015,0.5116651,0.4155423,0.51329607,0.5448384,0.57905734,0.0,0.0,0.6504942,0.8979575,0.33537653,0.90992993,0.0,0.0,0.0,0.0,0.0,0.0,0.0,0.0,0.0,0.0,0.0,0.0,0.0,0.0,0.0,0.0,0.0,0.0,0.0,0.0
3,0.41066542,0.561455,0.44607544,0.51892024,0.41238207,0.52161366,0.5361208,0.57588863,0.0,0.0,0.6494009,0.8953864,0.3373055,0.9002984,0.0,0.0,0.0,0.0,0.0,0.0,0.0,0.0,0.0,0.0,0.0,0.0,0.0,0.0,0.0,0.0,0.0,0.0,0.0,0.0
3,0.4076503,0.5652041,0.443549,0.5213382,0.40942854,0.523394,0.533822,0.5775033,0.0,0.0,0.64761245,0.8955199,0.33251587,0.9101145,0.0,0.0,0.0,0.0,0.0,0.0,0.0,0.0,0.0,0.0,0.0,0.0,0.0,0.0,0.0,0.0,0.0,0.0,0.0,0.0
3,0.4034055,0.5769493,0.43818778,0.53254056,0.40675378,0.5351502,0.53049433,0.5850663,0.0,0.0,0.64872956,0.8959671,0.3289415,0.91344196,0.0,0.0,0.0,0.0,0.0,0.0,0.0,0.0,0.0,0.0,0.0,0.0,0.0,0.0,0.0,0.0,0.0,0.0,0.0,0.0
3,0.40469772,0.58313775,0.43963474,0.535661,0.40598074,0.538241,0.5308327,0.58484757,0.0,0.0,0.64557266,0.8950061,0.33595356,0.9162357,0.0,0.0,0.0,0.0,0.0,0.0,0.0,0.0,0.0,0.0,0.0,0.0,0.0,0.0,0.0,0.0,0.0,0.0,0.0,0.0
3,0.39992857,0.5864442,0.43597522,0.5380483,0.40153885,0.5439419,0.5322982,0.58654827,0.0,0.0,0.65126,0.8945565,0.33113185,0.9156662,0.0,0.0,0.0,0.0,0.0,0.0,0.0,0.0,0.0,0.0,0.0,0.0,0.0,0.0,0.0,0.0,0.0,0.0,0.0,0.0
3,0.39843258,0.5860961,0.43415898,0.5398536,0.40127292,0.54334676,0.5291487,0.59068763,0.0,0.0,0.64260083,0.8977513,0.33732897,0.912569,0.0,0.0,0.0,0.0,0.0,0.0,0.0,0.0,0.0,0.0,0.0,0.0,0.0,0.0,0.0,0.0,0.0,0.0,0.0,0.0
3,0.39488295,0.58147687,0.43107563,0.53516424,0.39808458,0.5393973,0.52792406,0.59021544,0.0,0.0,0.6478363,0.8957479,0.3211519,0.92582524,0.0,0.0,0.0,0.0,0.0,0.0,0.0,0.0,0.0,0.0,0.0,0.0,0.0,0.0,0.0,0.0,0.0,0.0,0.0,0.0
3,0.39476228,0.59782165,0.4299477,0.5497677,0.39706168,0.5523675,0.52550775,0.594728,0.0,0.0,0.6470784,0.8974446,0.32743,0.92189515,0.0,0.0,0.0,0.0,0.0,0.0,0.0,0.0,0.0,0.0,0.0,0.0,0.0,0.0,0.0,0.0,0.0,0.0,0.0,0.0
3,0.39232782,0.59560376,0.42773128,0.5470943,0.39501527,0.54928654,0.5241566,0.591888,0.0,0.0,0.64782923,0.89398175,0.3264521,0.91822493,0.0,0.0,0.0,0.0,0.0,0.0,0.0,0.0,0.0,0.0,0.0,0.0,0.0,0.0,0.0,0.0,0.0,0.0,0.0,0.0
3,0.39391786,0.59422606,0.42940694,0.54749197,0.39662737,0.5489838,0.5247129,0.59618384,0.0,0.0,0.64706284,0.9005302,0.32892665,0.9188909,0.0,0.0,0.0,0.0,0.0,0.0,0.0,0.0,0.0,0.0,0.0,0.0,0.0,0.0,0.0,0.0,0.0,0.0,0.0,0.0
3,0.39171115,0.608467,0.42649245,0.55705327,0.3933303,0.56112784,0.52292097,0.59758824,0.0,0.0,0.6492295,0.90075487,0.32639813,0.9226542,0.0,0.0,0.0,0.0,0.0,0.0,0.0,0.0,0.0,0.0,0.0,0.0,0.0,0.0,0.0,0.0,0.0,0.0,0.0,0.0
3,0.39057183,0.609149,0.4250032,0.55842227,0.39186886,0.5625454,0.52107686,0.5996276,0.0,0.0,0.64884573,0.9018981,0.32970428,0.92348343,0.0,0.0,0.0,0.0,0.0,0.0,0.0,0.0,0.0,0.0,0.0,0.0,0.0,0.0,0.0,0.0,0.0,0.0,0.0,0.0
3,0.38970706,0.61070156,0.4260393,0.5579113,0.39026505,0.561922,0.5238441,0.59615344,0.0,0.0,0.64754117,0.9007004,0.32303914,0.91818976,0.0,0.0,0.0,0.0,0.0,0.0,0.0,0.0,0.0,0.0,0.0,0.0,0.0,0.0,0.0,0.0,0.0,0.0,0.0,0.0
3,0.3885159,0.61963236,0.4243134,0.5642237,0.3886878,0.5696264,0.5242336,0.59884423,0.0,0.0,0.65113497,0.9026397,0.32758567,0.9226803,0.0,0.0,0.0,0.0,0.0,0.0,0.0,0.0,0.0,0.0,0.0,0.0,0.0,0.0,0.0,0.0,0.0,0.0,0.0,0.0
3,0.38838163,0.6159526,0.42403936,0.5627015,0.38862985,0.56480443,0.52119124,0.60252756,0.0,0.0,0.6497603,0.90409786,0.32200915,0.93152314,0.0,0.0,0.0,0.0,0.0,0.0,0.0,0.0,0.0,0.0,0.0,0.0,0.0,0.0,0.0,0.0,0.0,0.0,0.0,0.0
3,0.38599738,0.6110185,0.42257118,0.55904293,0.38774145,0.5604969,0.5220513,0.59650725,0.0,0.0,0.64593005,0.8984681,0.32804862,0.9126342,0.0,0.0,0.0,0.0,0.0,0.0,0.0,0.0,0.0,0.0,0.0,0.0,0.0,0.0,0.0,0.0,0.0,0.0,0.0,0.0
3,0.3859555,0.6190515,0.42215103,0.56252044,0.3852953,0.56746036,0.5220061,0.5969116,0.0,0.0,0.6508011,0.9024791,0.32392165,0.92877877,0.0,0.0,0.0,0.0,0.0,0.0,0.0,0.0,0.0,0.0,0.0,0.0,0.0,0.0,0.0,0.0,0.0,0.0,0.0,0.0
3,0.3868993,0.62306964,0.4224295,0.56709325,0.38767245,0.56971884,0.5212699,0.59933794,0.0,0.0,0.65087676,0.90753675,0.32119045,0.9279966,0.0,0.0,0.0,0.0,0.0,0.0,0.0,0.0,0.0,0.0,0.0,0.0,0.0,0.0,0.0,0.0,0.0,0.0,0.0,0.0
3,0.38740653,0.61828774,0.42434382,0.56585974,0.38702887,0.5665902,0.5220734,0.6046346,0.0,0.0,0.6501695,0.8977621,0.31944528,0.9217599,0.0,0.0,0.0,0.0,0.0,0.0,0.0,0.0,0.0,0.0,0.0,0.0,0.0,0.0,0.0,0.0,0.0,0.0,0.0,0.0
3,0.3863181,0.6209603,0.42318472,0.5657969,0.38677552,0.56940395,0.5231925,0.6035195,0.0,0.0,0.65009844,0.9055119,0.3185823,0.93414164,0.0,0.0,0.0,0.0,0.0,0.0,0.0,0.0,0.0,0.0,0.0,0.0,0.0,0.0,0.0,0.0,0.0,0.0,0.0,0.0
3,0.3884085,0.6238812,0.42442888,0.5665191,0.38695234,0.5697028,0.5215742,0.59989333,0.0,0.0,0.6526661,0.90620196,0.3172337,0.93445164,0.0,0.0,0.0,0.0,0.0,0.0,0.0,0.0,0.0,0.0,0.0,0.0,0.0,0.0,0.0,0.0,0.0,0.0,0.0,0.0
3,0.3879462,0.6248609,0.42369074,0.5690048,0.38662487,0.5731124,0.5208056,0.602594,0.0,0.0,0.64685094,0.90508044,0.32394424,0.9287822,0.0,0.0,0.0,0.0,0.0,0.0,0.0,0.0,0.0,0.0,0.0,0.0,0.0,0.0,0.0,0.0,0.0,0.0,0.0,0.0
3,0.38847315,0.62785244,0.42273155,0.57004994,0.3882215,0.57550627,0.52017105,0.5965633,0.0,0.0,0.6494937,0.90144527,0.32742745,0.9253174,0.0,0.0,0.0,0.0,0.0,0.0,0.0,0.0,0.0,0.0,0.0,0.0,0.0,0.0,0.0,0.0,0.0,0.0,0.0,0.0
3,0.38537794,0.63291955,0.42060128,0.57380784,0.3856089,0.5803534,0.5228981,0.6017156,0.0,0.0,0.6543403,0.9049365,0.32558957,0.9302406,0.0,0.0,0.0,0.0,0.0,0.0,0.0,0.0,0.0,0.0,0.0,0.0,0.0,0.0,0.0,0.0,0.0,0.0,0.0,0.0
3,0.3871407,0.6296103,0.42286086,0.57470304,0.38610625,0.5763106,0.51944244,0.6051576,0.0,0.0,0.6478239,0.90147585,0.32320657,0.9231558,0.0,0.0,0.0,0.0,0.0,0.0,0.0,0.0,0.0,0.0,0.0,0.0,0.0,0.0,0.0,0.0,0.0,0.0,0.0,0.0
3,0.38469312,0.6354418,0.42065486,0.5748563,0.38346297,0.5802012,0.5223294,0.60168105,0.0,0.0,0.65171605,0.90827256,0.3194844,0.9334883,0.0,0.0,0.0,0.0,0.0,0.0,0.0,0.0,0.0,0.0,0.0,0.0,0.0,0.0,0.0,0.0,0.0,0.0,0.0,0.0
3,0.38766113,0.6364885,0.42299372,0.5761604,0.3855068,0.5815828,0.5229307,0.6003715,0.0,0.0,0.65146697,0.9022432,0.32796478,0.92463285,0.0,0.0,0.0,0.0,0.0,0.0,0.0,0.0,0.0,0.0,0.0,0.0,0.0,0.0,0.0,0.0,0.0,0.0,0.0,0.0
3,0.38326728,0.63638645,0.4197659,0.5796447,0.38262177,0.5816401,0.52063,0.6096358,0.0,0.0,0.6536271,0.9040581,0.32829064,0.92483413,0.0,0.0,0.0,0.0,0.0,0.0,0.0,0.0,0.0,0.0,0.0,0.0,0.0,0.0,0.0,0.0,0.0,0.0,0.0,0.0
3,0.38148752,0.64206016,0.41764456,0.5838444,0.38065612,0.58702636,0.51907516,0.6112988,0.0,0.0,0.65432775,0.9103355,0.31668958,0.93295413,0.0,0.0,0.0,0.0,0.0,0.0,0.0,0.0,0.0,0.0,0.0,0.0,0.0,0.0,0.0,0.0,0.0,0.0,0.0,0.0
3,0.38603872,0.64283806,0.41979104,0.5819517,0.38312903,0.591199,0.5193661,0.5986957,0.0,0.0,0.64692056,0.8950309,0.33700335,0.9118253,0.0,0.0,0.0,0.0,0.0,0.0,0.0,0.0,0.0,0.0,0.0,0.0,0.0,0.0,0.0,0.0,0.0,0.0,0.0,0.0
3,0.38044065,0.6493514,0.41497406,0.5921679,0.38013238,0.5954871,0.5163899,0.6110159,0.0,0.0,0.64933676,0.9030149,0.335032,0.91066253,0.0,0.0,0.0,0.0,0.0,0.0,0.0,0.0,0.0,0.0,0.0,0.0,0.0,0.0,0.0,0.0,0.0,0.0,0.0,0.0
3,0.3834284,0.65017104,0.4173023,0.5860816,0.3805685,0.5919021,0.5166988,0.6002566,0.0,0.0,0.6545514,0.9123764,0.32418,0.9337893,0.0,0.0,0.0,0.0,0.0,0.0,0.0,0.0,0.0,0.0,0.0,0.0,0.0,0.0,0.0,0.0,0.0,0.0,0.0,0.0
3,0.38012618,0.6531941,0.41559738,0.5900047,0.3780544,0.5957117,0.5191744,0.60922325,0.0,0.0,0.6571299,0.91006917,0.3227621,0.9391658,0.0,0.0,0.0,0.0,0.0,0.0,0.0,0.0,0.0,0.0,0.0,0.0,0.0,0.0,0.0,0.0,0.0,0.0,0.0,0.0
3,0.37805948,0.6551285,0.41056937,0.5903912,0.37759107,0.5996336,0.51294446,0.6017543,0.0,0.0,0.6548541,0.90648496,0.0,0.0,0.0,0.0,0.0,0.0,0.0,0.0,0.0,0.0,0.0,0.0,0.0,0.0,0.0,0.0,0.0,0.0,0.0,0.0,0.0,0.0
3,0.37881675,0.65906185,0.41090885,0.59660935,0.3762386,0.60696757,0.51115024,0.6067668,0.0,0.0,0.64969456,0.89928293,0.33119226,0.9225191,0.0,0.0,0.0,0.0,0.0,0.0,0.0,0.0,0.0,0.0,0.0,0.0,0.0,0.0,0.0,0.0,0.0,0.0,0.0,0.0
3,0.3789478,0.66342646,0.40984446,0.60037166,0.37573978,0.60370535,0.50574476,0.6055131,0.0,0.0,0.63487804,0.9062883,0.33737463,0.92237574,0.0,0.0,0.0,0.0,0.0,0.0,0.0,0.0,0.0,0.0,0.0,0.0,0.0,0.0,0.0,0.0,0.0,0.0,0.0,0.0
3,0.37733215,0.6649546,0.4096715,0.60374767,0.37508664,0.60390127,0.5078126,0.6161413,0.0,0.0,0.64000213,0.9125053,0.33383566,0.9301531,0.0,0.0,0.0,0.0,0.0,0.0,0.0,0.0,0.0,0.0,0.0,0.0,0.0,0.0,0.0,0.0,0.0,0.0,0.0,0.0
3,0.37485686,0.66033596,0.40845194,0.60042036,0.3732563,0.60606426,0.5100476,0.61458987,0.0,0.0,0.6499759,0.9004312,0.33178258,0.9213284,0.0,0.0,0.0,0.0,0.0,0.0,0.0,0.0,0.0,0.0,0.0,0.0,0.0,0.0,0.0,0.0,0.0,0.0,0.0,0.0
3,0.37527052,0.665971,0.4059917,0.6033663,0.37360105,0.6133997,0.5067985,0.6071774,0.0,0.0,0.6508416,0.89973325,0.33358878,0.9206652,0.0,0.0,0.0,0.0,0.0,0.0,0.0,0.0,0.0,0.0,0.0,0.0,0.0,0.0,0.0,0.0,0.0,0.0,0.0,0.0
3,0.37436837,0.66934186,0.4037246,0.605131,0.37343726,0.61266464,0.49856058,0.6088689,0.0,0.0,0.64456904,0.921238,0.32120353,0.94852203,0.0,0.0,0.0,0.0,0.0,0.0,0.0,0.0,0.0,0.0,0.0,0.0,0.0,0.0,0.0,0.0,0.0,0.0,0.0,0.0
3,0.368905,0.6627608,0.39984122,0.60156024,0.36941132,0.61238015,0.5026614,0.6132012,0.0,0.0,0.6500212,0.9080327,0.3259533,0.9314154,0.0,0.0,0.0,0.0,0.0,0.0,0.0,0.0,0.0,0.0,0.0,0.0,0.0,0.0,0.0,0.0,0.0,0.0,0.0,0.0
3,0.36991858,0.665369,0.3995067,0.605736,0.37066773,0.6164067,0.50017375,0.6107875,0.0,0.0,0.6466471,0.9023106,0.33281356,0.915033,0.0,0.0,0.0,0.0,0.0,0.0,0.0,0.0,0.0,0.0,0.0,0.0,0.0,0.0,0.0,0.0,0.0,0.0,0.0,0.0
3,0.36629286,0.6890419,0.39229482,0.619988,0.3660368,0.6301342,0.48912016,0.5978894,0.0,0.0,0.64863986,0.91413623,0.3281528,0.9322612,0.0,0.0,0.0,0.0,0.0,0.0,0.0,0.0,0.0,0.0,0.0,0.0,0.0,0.0,0.0,0.0,0.0,0.0,0.0,0.0
3,0.36389706,0.683825,0.3900243,0.61975646,0.0,0.0,0.48897344,0.6152241,0.0,0.0,0.6510726,0.9057898,0.32848054,0.94143695,0.0,0.0,0.0,0.0,0.0,0.0,0.0,0.0,0.0,0.0,0.0,0.0,0.0,0.0,0.0,0.0,0.0,0.0,0.0,0.0
3,0.36366412,0.69165367,0.38703436,0.62643653,0.36255956,0.63807195,0.4775537,0.6102705,0.0,0.0,0.6462554,0.9015486,0.32500118,0.93907404,0.0,0.0,0.0,0.0,0.0,0.0,0.0,0.0,0.0,0.0,0.0,0.0,0.0,0.0,0.0,0.0,0.0,0.0,0.0,0.0
3,0.36125222,0.6879716,0.38357764,0.62546504,0.0,0.0,0.47453374,0.6143019,0.0,0.0,0.64801353,0.8937017,0.3347047,0.9367146,0.0,0.0,0.0,0.0,0.0,0.0,0.0,0.0,0.0,0.0,0.0,0.0,0.0,0.0,0.0,0.0,0.0,0.0,0.0,0.0
3,0.3566206,0.69388956,0.37824032,0.6277676,0.0,0.0,0.47145027,0.6088902,0.0,0.0,0.6509219,0.8994076,0.34136307,0.9480464,0.0,0.0,0.0,0.0,0.0,0.0,0.0,0.0,0.0,0.0,0.0,0.0,0.0,0.0,0.0,0.0,0.0,0.0,0.0,0.0
3,0.3552228,0.68513525,0.37860638,0.625252,0.0,0.0,0.47417516,0.6134866,0.0,0.0,0.65289736,0.8887208,0.33949837,0.919485,0.0,0.0,0.0,0.0,0.0,0.0,0.0,0.0,0.0,0.0,0.0,0.0,0.0,0.0,0.0,0.0,0.0,0.0,0.0,0.0
3,0.35711038,0.7048797,0.3784169,0.63587856,0.3553227,0.6476228,0.4698801,0.60904,0.0,0.0,0.6520958,0.91260046,0.3374406,0.95601237,0.0,0.0,0.0,0.0,0.0,0.0,0.0,0.0,0.0,0.0,0.0,0.0,0.0,0.0,0.0,0.0,0.0,0.0,0.0,0.0
3,0.35765228,0.7107906,0.37912288,0.6420375,0.3550794,0.655731,0.46846232,0.61339897,0.0,0.0,0.64608926,0.90485346,0.3218774,0.9583463,0.0,0.0,0.0,0.0,0.0,0.0,0.0,0.0,0.0,0.0,0.0,0.0,0.0,0.0,0.0,0.0,0.0,0.0,0.0,0.0
3,0.3539381,0.71510017,0.37520128,0.64774615,0.0,0.0,0.47070175,0.62294996,0.0,0.0,0.6602572,0.90135914,0.0,0.0,0.0,0.0,0.0,0.0,0.0,0.0,0.0,0.0,0.0,0.0,0.0,0.0,0.0,0.0,0.0,0.0,0.0,0.0,0.0,0.0
3,0.35041776,0.6421172,0.37660012,0.58401227,0.34972632,0.59431756,0.47048193,0.5988542,0.0,0.0,0.64472324,0.90016496,0.3280811,0.9503251,0.0,0.0,0.0,0.0,0.0,0.0,0.0,0.0,0.0,0.0,0.0,0.0,0.0,0.0,0.0,0.0,0.0,0.0,0.0,0.0
3,0.35652322,0.7156719,0.3767283,0.64790887,0.3533309,0.6608332,0.4669513,0.61208475,0.0,0.0,0.65101445,0.90354884,0.33570352,0.9345038,0.0,0.0,0.0,0.0,0.0,0.0,0.0,0.0,0.0,0.0,0.0,0.0,0.0,0.0,0.0,0.0,0.0,0.0,0.0,0.0
3,0.3582649,0.6679738,0.38585773,0.6038308,0.35367742,0.61390144,0.4800865,0.60558105,0.0,0.0,0.64668614,0.9059342,0.32192135,0.9540341,0.0,0.0,0.0,0.0,0.0,0.0,0.0,0.0,0.0,0.0,0.0,0.0,0.0,0.0,0.0,0.0,0.0,0.0,0.0,0.0
3,0.36087325,0.7222724,0.38476032,0.6524901,0.3564529,0.66340506,0.47764626,0.61913216,0.0,0.0,0.65024775,0.9152846,0.32085037,0.9528495,0.0,0.0,0.0,0.0,0.0,0.0,0.0,0.0,0.0,0.0,0.0,0.0,0.0,0.0,0.0,0.0,0.0,0.0,0.0,0.0
3,0.364695,0.71771836,0.38887018,0.650495,0.36001205,0.6591334,0.48216304,0.6174098,0.0,0.0,0.6523777,0.9117177,0.3366832,0.93192697,0.0,0.0,0.0,0.0,0.0,0.0,0.0,0.0,0.0,0.0,0.0,0.0,0.0,0.0,0.0,0.0,0.0,0.0,0.0,0.0
3,0.3694833,0.7194828,0.39381298,0.65360385,0.36372346,0.66667855,0.48851395,0.6207309,0.0,0.0,0.6516272,0.88824356,0.34024632,0.9159082,0.0,0.0,0.0,0.0,0.0,0.0,0.0,0.0,0.0,0.0,0.0,0.0,0.0,0.0,0.0,0.0,0.0,0.0,0.0,0.0
3,0.3669899,0.72052425,0.39183328,0.6523277,0.3621965,0.66426057,0.48587626,0.61984545,0.0,0.0,0.6526717,0.9071539,0.32542405,0.9380101,0.0,0.0,0.0,0.0,0.0,0.0,0.0,0.0,0.0,0.0,0.0,0.0,0.0,0.0,0.0,0.0,0.0,0.0,0.0,0.0
3,0.37170082,0.70870674,0.39765647,0.6417777,0.36503407,0.65544486,0.49283105,0.61736137,0.0,0.0,0.65555465,0.8931509,0.33757478,0.9200526,0.0,0.0,0.0,0.0,0.0,0.0,0.0,0.0,0.0,0.0,0.0,0.0,0.0,0.0,0.0,0.0,0.0,0.0,0.0,0.0
3,0.3665575,0.7179729,0.392856,0.64614624,0.3610559,0.6566623,0.4899642,0.6118408,0.0,0.0,0.6514139,0.9194559,0.33061814,0.93985647,0.0,0.0,0.0,0.0,0.0,0.0,0.0,0.0,0.0,0.0,0.0,0.0,0.0,0.0,0.0,0.0,0.0,0.0,0.0,0.0
3,0.36954674,0.7064456,0.39796498,0.63902414,0.3639277,0.6499037,0.49736744,0.61781317,0.0,0.0,0.6545252,0.8990447,0.333727,0.9232683,0.0,0.0,0.0,0.0,0.0,0.0,0.0,0.0,0.0,0.0,0.0,0.0,0.0,0.0,0.0,0.0,0.0,0.0,0.0,0.0
3,0.36553115,0.7037628,0.39471453,0.6364654,0.36195073,0.64854103,0.49767798,0.62089884,0.0,0.0,0.6568646,0.90565,0.3286551,0.93088305,0.0,0.0,0.0,0.0,0.0,0.0,0.0,0.0,0.0,0.0,0.0,0.0,0.0,0.0,0.0,0.0,0.0,0.0,0.0,0.0
3,0.36884648,0.69710284,0.39657634,0.62973696,0.3662481,0.64301425,0.4976829,0.6172076,0.0,0.0,0.6578901,0.90417767,0.3278787,0.9358289,0.0,0.0,0.0,0.0,0.0,0.0,0.0,0.0,0.0,0.0,0.0,0.0,0.0,0.0,0.0,0.0,0.0,0.0,0.0,0.0
3,0.36927104,0.69230855,0.39709643,0.6219396,0.3668167,0.6351897,0.50001776,0.61015505,0.0,0.0,0.66070575,0.90948623,0.0,0.0,0.0,0.0,0.0,0.0,0.0,0.0,0.0,0.0,0.0,0.0,0.0,0.0,0.0,0.0,0.0,0.0,0.0,0.0,0.0,0.0
3,0.37157688,0.66990876,0.40344715,0.6084677,0.36931962,0.6156995,0.5050598,0.61644423,0.0,0.0,0.65737385,0.90033436,0.33119264,0.9270201,0.0,0.0,0.0,0.0,0.0,0.0,0.0,0.0,0.0,0.0,0.0,0.0,0.0,0.0,0.0,0.0,0.0,0.0,0.0,0.0
3,0.37347403,0.6630248,0.40528455,0.5985892,0.3710798,0.6087414,0.5065211,0.60664403,0.0,0.0,0.65801275,0.90344304,0.3223591,0.93882626,0.0,0.0,0.0,0.0,0.0,0.0,0.0,0.0,0.0,0.0,0.0,0.0,0.0,0.0,0.0,0.0,0.0,0.0,0.0,0.0
3,0.3761081,0.66139585,0.40827283,0.5981078,0.37331733,0.6076371,0.5093759,0.6105593,0.0,0.0,0.6592884,0.9045013,0.32140318,0.9437388,0.0,0.0,0.0,0.0,0.0,0.0,0.0,0.0,0.0,0.0,0.0,0.0,0.0,0.0,0.0,0.0,0.0,0.0,0.0,0.0
3,0.37652683,0.6581243,0.4105874,0.593681,0.37371957,0.6010566,0.51275533,0.60903454,0.0,0.0,0.66030616,0.9062759,0.31611103,0.946889,0.0,0.0,0.0,0.0,0.0,0.0,0.0,0.0,0.0,0.0,0.0,0.0,0.0,0.0,0.0,0.0,0.0,0.0,0.0,0.0
3,0.37787196,0.65270495,0.41133302,0.5884098,0.3750348,0.59858364,0.5123602,0.6035098,0.0,0.0,0.6541158,0.9012134,0.31718534,0.9407888,0.0,0.0,0.0,0.0,0.0,0.0,0.0,0.0,0.0,0.0,0.0,0.0,0.0,0.0,0.0,0.0,0.0,0.0,0.0,0.0
3,0.37929827,0.6507756,0.41294408,0.5901327,0.3764588,0.5990143,0.5127178,0.6121651,0.0,0.0,0.6556393,0.902417,0.31909752,0.9441179,0.0,0.0,0.0,0.0,0.0,0.0,0.0,0.0,0.0,0.0,0.0,0.0,0.0,0.0,0.0,0.0,0.0,0.0,0.0,0.0
3,0.37873495,0.6582614,0.4103381,0.5928907,0.37556,0.6030738,0.51097196,0.5999727,0.0,0.0,0.65733355,0.90089154,0.32793865,0.93527424,0.0,0.0,0.0,0.0,0.0,0.0,0.0,0.0,0.0,0.0,0.0,0.0,0.0,0.0,0.0,0.0,0.0,0.0,0.0,0.0
3,0.37923655,0.6518086,0.41219592,0.5900466,0.37647447,0.6012391,0.5121447,0.6104785,0.0,0.0,0.6551119,0.898308,0.3174048,0.94644725,0.0,0.0,0.0,0.0,0.0,0.0,0.0,0.0,0.0,0.0,0.0,0.0,0.0,0.0,0.0,0.0,0.0,0.0,0.0,0.0
3,0.3814642,0.6508036,0.4149917,0.5859304,0.3767613,0.59719926,0.514008,0.6032559,0.0,0.0,0.65791875,0.9047888,0.31439203,0.95135343,0.0,0.0,0.0,0.0,0.0,0.0,0.0,0.0,0.0,0.0,0.0,0.0,0.0,0.0,0.0,0.0,0.0,0.0,0.0,0.0
3,0.37837642,0.6493454,0.41193444,0.58990514,0.37593228,0.59616816,0.51131666,0.61379516,0.0,0.0,0.65732086,0.9076637,0.31554466,0.9448557,0.0,0.0,0.0,0.0,0.0,0.0,0.0,0.0,0.0,0.0,0.0,0.0,0.0,0.0,0.0,0.0,0.0,0.0,0.0,0.0
3,0.38236892,0.6539073,0.4162169,0.59150034,0.37804204,0.5994584,0.51651454,0.60823387,0.0,0.0,0.658705,0.8987843,0.32900456,0.9345942,0.0,0.0,0.0,0.0,0.0,0.0,0.0,0.0,0.0,0.0,0.0,0.0,0.0,0.0,0.0,0.0,0.0,0.0,0.0,0.0
3,0.38264784,0.6430539,0.41556558,0.5828681,0.37888056,0.59165156,0.5135554,0.60110533,0.0,0.0,0.6556703,0.89455277,0.3329149,0.9236363,0.0,0.0,0.0,0.0,0.0,0.0,0.0,0.0,0.0,0.0,0.0,0.0,0.0,0.0,0.0,0.0,0.0,0.0,0.0,0.0
3,0.38221198,0.65237033,0.41500813,0.5832532,0.37756866,0.59282905,0.51381195,0.5950694,0.0,0.0,0.65720975,0.91683656,0.320155,0.96531373,0.0,0.0,0.0,0.0,0.0,0.0,0.0,0.0,0.0,0.0,0.0,0.0,0.0,0.0,0.0,0.0,0.0,0.0,0.0,0.0
3,0.38800174,0.6431525,0.4207399,0.581321,0.38284495,0.58875793,0.5138672,0.5995691,0.0,0.0,0.6494163,0.90514416,0.32949075,0.93873817,0.0,0.0,0.0,0.0,0.0,0.0,0.0,0.0,0.0,0.0,0.0,0.0,0.0,0.0,0.0,0.0,0.0,0.0,0.0,0.0
3,0.3847809,0.63925296,0.42040643,0.5761281,0.38031802,0.5833467,0.51807404,0.6006502,0.0,0.0,0.65509117,0.90578586,0.31048423,0.94875175,0.0,0.0,0.0,0.0,0.0,0.0,0.0,0.0,0.0,0.0,0.0,0.0,0.0,0.0,0.0,0.0,0.0,0.0,0.0,0.0
3,0.38788468,0.6345887,0.42241025,0.5743449,0.38388613,0.5829528,0.52038383,0.5977502,0.0,0.0,0.65285563,0.89382595,0.33193064,0.9252879,0.0,0.0,0.0,0.0,0.0,0.0,0.0,0.0,0.0,0.0,0.0,0.0,0.0,0.0,0.0,0.0,0.0,0.0,0.0,0.0
3,0.3873148,0.6322355,0.42280412,0.5725729,0.38336763,0.5794097,0.5201444,0.6012426,0.0,0.0,0.6550822,0.9003591,0.31517512,0.9400484,0.0,0.0,0.0,0.0,0.0,0.0,0.0,0.0,0.0,0.0,0.0,0.0,0.0,0.0,0.0,0.0,0.0,0.0,0.0,0.0
3,0.388647,0.63518685,0.4233862,0.5731784,0.38371325,0.5829813,0.51993454,0.5991554,0.0,0.0,0.65431213,0.9072248,0.31676722,0.9419681,0.0,0.0,0.0,0.0,0.0,0.0,0.0,0.0,0.0,0.0,0.0,0.0,0.0,0.0,0.0,0.0,0.0,0.0,0.0,0.0
3,0.38904977,0.6299166,0.4233911,0.57043606,0.38488182,0.579795,0.5190498,0.5996017,0.0,0.0,0.6532979,0.8992545,0.32014146,0.9427962,0.0,0.0,0.0,0.0,0.0,0.0,0.0,0.0,0.0,0.0,0.0,0.0,0.0,0.0,0.0,0.0,0.0,0.0,0.0,0.0
3,0.387639,0.6323044,0.4240636,0.5714567,0.38363808,0.57666886,0.52188164,0.6019578,0.0,0.0,0.6545566,0.907353,0.31581005,0.94421184,0.0,0.0,0.0,0.0,0.0,0.0,0.0,0.0,0.0,0.0,0.0,0.0,0.0,0.0,0.0,0.0,0.0,0.0,0.0,0.0
3,0.38806,0.6290066,0.42368597,0.56812894,0.38366708,0.57767546,0.5217487,0.5979093,0.0,0.0,0.65368795,0.9016427,0.32063565,0.93968064,0.0,0.0,0.0,0.0,0.0,0.0,0.0,0.0,0.0,0.0,0.0,0.0,0.0,0.0,0.0,0.0,0.0,0.0,0.0,0.0
3,0.38810116,0.62488383,0.4238429,0.5664442,0.38451362,0.5734963,0.52079767,0.59892046,0.0,0.0,0.6522434,0.8987664,0.32073358,0.9386802,0.0,0.0,0.0,0.0,0.0,0.0,0.0,0.0,0.0,0.0,0.0,0.0,0.0,0.0,0.0,0.0,0.0,0.0,0.0,0.0
3,0.38948408,0.62082005,0.4243594,0.5614197,0.38566935,0.57065946,0.52114594,0.5888531,0.0,0.0,0.6532115,0.89262456,0.3249426,0.9257554,0.0,0.0,0.0,0.0,0.0,0.0,0.0,0.0,0.0,0.0,0.0,0.0,0.0,0.0,0.0,0.0,0.0,0.0,0.0,0.0
3,0.39172453,0.6166613,0.42648786,0.5579029,0.3865942,0.57041574,0.52201015,0.5918939,0.0,0.0,0.6517488,0.8915755,0.32299027,0.9355469,0.0,0.0,0.0,0.0,0.0,0.0,0.0,0.0,0.0,0.0,0.0,0.0,0.0,0.0,0.0,0.0,0.0,0.0,0.0,0.0
3,0.3895173,0.6201581,0.42419633,0.5604096,0.38574848,0.5696309,0.5209803,0.59192735,0.0,0.0,0.65299046,0.8960596,0.32456017,0.9386361,0.0,0.0,0.0,0.0,0.0,0.0,0.0,0.0,0.0,0.0,0.0,0.0,0.0,0.0,0.0,0.0,0.0,0.0,0.0,0.0
3,0.3907189,0.61656386,0.42506558,0.55919284,0.3877872,0.56757486,0.52022344,0.5929918,0.0,0.0,0.65357006,0.89491934,0.31321257,0.9391546,0.0,0.0,0.0,0.0,0.0,0.0,0.0,0.0,0.0,0.0,0.0,0.0,0.0,0.0,0.0,0.0,0.0,0.0,0.0,0.0
3,0.3901393,0.6172992,0.42445564,0.5582053,0.38589326,0.56872964,0.5201477,0.58871967,0.0,0.0,0.65294874,0.8917767,0.32687157,0.9302314,0.0,0.0,0.0,0.0,0.0,0.0,0.0,0.0,0.0,0.0,0.0,0.0,0.0,0.0,0.0,0.0,0.0,0.0,0.0,0.0
3,0.39161125,0.61699396,0.42559487,0.55990016,0.38895226,0.5699437,0.5212904,0.59109896,0.0,0.0,0.65231466,0.89180636,0.32542446,0.92880267,0.0,0.0,0.0,0.0,0.0,0.0,0.0,0.0,0.0,0.0,0.0,0.0,0.0,0.0,0.0,0.0,0.0,0.0,0.0,0.0
3,0.38984498,0.6186304,0.42446932,0.5580017,0.3864288,0.5695398,0.521889,0.5844667,0.0,0.0,0.65163255,0.89133656,0.33071297,0.92639196,0.0,0.0,0.0,0.0,0.0,0.0,0.0,0.0,0.0,0.0,0.0,0.0,0.0,0.0,0.0,0.0,0.0,0.0,0.0,0.0
3,0.39098296,0.61949015,0.42436805,0.559214,0.38700953,0.57189137,0.520594,0.5847549,0.0,0.0,0.65242,0.8926245,0.32793865,0.9252028,0.0,0.0,0.0,0.0,0.0,0.0,0.0,0.0,0.0,0.0,0.0,0.0,0.0,0.0,0.0,0.0,0.0,0.0,0.0,0.0
3,0.39080524,0.61588275,0.4244315,0.55695146,0.3877486,0.5662779,0.5180234,0.58695114,0.0,0.0,0.6516648,0.89322186,0.3128509,0.9401239,0.0,0.0,0.0,0.0,0.0,0.0,0.0,0.0,0.0,0.0,0.0,0.0,0.0,0.0,0.0,0.0,0.0,0.0,0.0,0.0
3,0.38985056,0.61176103,0.4246181,0.55474156,0.3878184,0.56386733,0.5213109,0.58733433,0.0,0.0,0.6515027,0.8880276,0.32288167,0.9263309,0.0,0.0,0.0,0.0,0.0,0.0,0.0,0.0,0.0,0.0,0.0,0.0,0.0,0.0,0.0,0.0,0.0,0.0,0.0,0.0
3,0.39409146,0.60200375,0.4289325,0.5477186,0.39096707,0.5582109,0.52220374,0.5874761,0.0,0.0,0.6462678,0.8897615,0.3157398,0.93290573,0.0,0.0,0.0,0.0,0.0,0.0,0.0,0.0,0.0,0.0,0.0,0.0,0.0,0.0,0.0,0.0,0.0,0.0,0.0,0.0
3,0.39623708,0.6078473,0.43074885,0.54925823,0.39334673,0.5583592,0.5248637,0.5821651,0.0,0.0,0.6540309,0.8988591,0.31445554,0.9385699,0.0,0.0,0.0,0.0,0.0,0.0,0.0,0.0,0.0,0.0,0.0,0.0,0.0,0.0,0.0,0.0,0.0,0.0,0.0,0.0
3,0.3964023,0.60170645,0.43077073,0.54560685,0.3943181,0.55613744,0.5250119,0.5808477,0.0,0.0,0.6489433,0.8870771,0.32764298,0.9282981,0.0,0.0,0.0,0.0,0.0,0.0,0.0,0.0,0.0,0.0,0.0,0.0,0.0,0.0,0.0,0.0,0.0,0.0,0.0,0.0
3,0.39362654,0.6019176,0.42861152,0.5459678,0.39229757,0.5560421,0.5248736,0.5831228,0.0,0.0,0.6460586,0.89380425,0.3285621,0.9254209,0.0,0.0,0.0,0.0,0.0,0.0,0.0,0.0,0.0,0.0,0.0,0.0,0.0,0.0,0.0,0.0,0.0,0.0,0.0,0.0
3,0.3971213,0.59802383,0.43179497,0.54324883,0.39468932,0.55447525,0.52654475,0.5827914,0.0,0.0,0.6504951,0.8891979,0.32276672,0.9302591,0.0,0.0,0.0,0.0,0.0,0.0,0.0,0.0,0.0,0.0,0.0,0.0,0.0,0.0,0.0,0.0,0.0,0.0,0.0,0.0
3,0.3982924,0.6020457,0.432051,0.5460404,0.39502138,0.5580298,0.5251187,0.5823465,0.0,0.0,0.6484528,0.8875167,0.33045936,0.930798,0.0,0.0,0.0,0.0,0.0,0.0,0.0,0.0,0.0,0.0,0.0,0.0,0.0,0.0,0.0,0.0,0.0,0.0,0.0,0.0
3,0.39643756,0.59950566,0.43160886,0.54360855,0.3943888,0.554285,0.52570075,0.5828408,0.0,0.0,0.6480652,0.89409983,0.3105219,0.9370194,0.0,0.0,0.0,0.0,0.0,0.0,0.0,0.0,0.0,0.0,0.0,0.0,0.0,0.0,0.0,0.0,0.0,0.0,0.0,0.0
3,0.39579314,0.5983098,0.4301147,0.5435043,0.3945065,0.5541441,0.5243595,0.5824184,0.0,0.0,0.64927727,0.89316124,0.32014266,0.93210226,0.0,0.0,0.0,0.0,0.0,0.0,0.0,0.0,0.0,0.0,0.0,0.0,0.0,0.0,0.0,0.0,0.0,0.0,0.0,0.0
3,0.39751777,0.59968853,0.43296534,0.5423884,0.3941459,0.55453175,0.5284758,0.5802949,0.0,0.0,0.65038705,0.8904961,0.32534778,0.93321604,0.0,0.0,0.0,0.0,0.0,0.0,0.0,0.0,0.0,0.0,0.0,0.0,0.0,0.0,0.0,0.0,0.0,0.0,0.0,0.0
3,0.3973829,0.5943616,0.43167758,0.5408709,0.39616656,0.5533176,0.526626,0.58117104,0.0,0.0,0.65085214,0.89155614,0.32679042,0.9253469,0.0,0.0,0.0,0.0,0.0,0.0,0.0,0.0,0.0,0.0,0.0,0.0,0.0,0.0,0.0,0.0,0.0,0.0,0.0,0.0
3,0.39979643,0.5844708,0.4353847,0.53325707,0.3987662,0.5412874,0.5281075,0.57990944,0.0,0.0,0.64819485,0.8896637,0.31815207,0.92846495,0.0,0.0,0.0,0.0,0.0,0.0,0.0,0.0,0.0,0.0,0.0,0.0,0.0,0.0,0.0,0.0,0.0,0.0,0.0,0.0
3,0.4020906,0.5846907,0.43839788,0.53273046,0.39978734,0.5416711,0.5321181,0.5808381,0.0,0.0,0.648198,0.887715,0.32542413,0.9265454,0.0,0.0,0.0,0.0,0.0,0.0,0.0,0.0,0.0,0.0,0.0,0.0,0.0,0.0,0.0,0.0,0.0,0.0,0.0,0.0
3,0.40275845,0.57965773,0.4395021,0.52720225,0.39954737,0.53801066,0.53337073,0.5769168,0.0,0.0,0.6496151,0.8856976,0.32060593,0.92827046,0.0,0.0,0.0,0.0,0.0,0.0,0.0,0.0,0.0,0.0,0.0,0.0,0.0,0.0,0.0,0.0,0.0,0.0,0.0,0.0
3,0.40412682,0.58705896,0.4396309,0.53374964,0.400429,0.54617816,0.5327457,0.5799111,0.0,0.0,0.65068805,0.885703,0.32071406,0.92845154,0.0,0.0,0.0,0.0,0.0,0.0,0.0,0.0,0.0,0.0,0.0,0.0,0.0,0.0,0.0,0.0,0.0,0.0,0.0,0.0
3,0.40495938,0.57814413,0.44135794,0.5282608,0.40166682,0.53518015,0.53274125,0.5786294,0.0,0.0,0.6515676,0.8842233,0.32318157,0.9218218,0.0,0.0,0.0,0.0,0.0,0.0,0.0,0.0,0.0,0.0,0.0,0.0,0.0,0.0,0.0,0.0,0.0,0.0,0.0,0.0
3,0.40687928,0.5733072,0.44298738,0.52381814,0.4038523,0.5307045,0.53349525,0.5758267,0.0,0.0,0.649844,0.8895533,0.32295975,0.9218683,0.0,0.0,0.0,0.0,0.0,0.0,0.0,0.0,0.0,0.0,0.0,0.0,0.0,0.0,0.0,0.0,0.0,0.0,0.0,0.0
3,0.41329294,0.57030845,0.4483928,0.5224043,0.40822586,0.5316082,0.5339354,0.57824886,0.0,0.0,0.6478216,0.8880792,0.31745213,0.9306115,0.0,0.0,0.0,0.0,0.0,0.0,0.0,0.0,0.0,0.0,0.0,0.0,0.0,0.0,0.0,0.0,0.0,0.0,0.0,0.0
3,0.41498655,0.5624332,0.45120877,0.51859945,0.41106024,0.5259654,0.5385629,0.581868,0.0,0.0,0.6476646,0.8880962,0.33382392,0.9121174,0.0,0.0,0.0,0.0,0.0,0.0,0.0,0.0,0.0,0.0,0.0,0.0,0.0,0.0,0.0,0.0,0.0,0.0,0.0,0.0
3,0.4147039,0.56519806,0.45184836,0.51992255,0.41124362,0.52811706,0.54044056,0.58258694,0.0,0.0,0.64839447,0.8900564,0.32371172,0.9237313,0.0,0.0,0.0,0.0,0.0,0.0,0.0,0.0,0.0,0.0,0.0,0.0,0.0,0.0,0.0,0.0,0.0,0.0,0.0,0.0
3,0.417478,0.5590439,0.45511588,0.5149389,0.4124052,0.5253505,0.5419183,0.58508545,0.0,0.0,0.6465601,0.892505,0.31338412,0.938327,0.0,0.0,0.0,0.0,0.0,0.0,0.0,0.0,0.0,0.0,0.0,0.0,0.0,0.0,0.0,0.0,0.0,0.0,0.0,0.0
3,0.4167047,0.5592306,0.4533587,0.517092,0.41330147,0.52275616,0.5396956,0.58349276,0.0,0.0,0.64824677,0.89429337,0.3302463,0.9126532,0.0,0.0,0.0,0.0,0.0,0.0,0.0,0.0,0.0,0.0,0.0,0.0,0.0,0.0,0.0,0.0,0.0,0.0,0.0,0.0
3,0.4187959,0.55387944,0.45600742,0.512155,0.41508657,0.5193655,0.5430382,0.5800339,0.0,0.0,0.64636195,0.88029224,0.33410197,0.90985566,0.0,0.0,0.0,0.0,0.0,0.0,0.0,0.0,0.0,0.0,0.0,0.0,0.0,0.0,0.0,0.0,0.0,0.0,0.0,0.0
3,0.41766936,0.5544021,0.45357975,0.5145937,0.41383797,0.5237078,0.53971136,0.5810605,0.0,0.0,0.6422583,0.88108665,0.34021476,0.89859253,0.0,0.0,0.0,0.0,0.0,0.0,0.0,0.0,0.0,0.0,0.0,0.0,0.0,0.0,0.0,0.0,0.0,0.0,0.0,0.0
3,0.41957903,0.5540617,0.45602456,0.51334625,0.41664726,0.52076364,0.5421671,0.58104765,0.0,0.0,0.64626765,0.8834376,0.33198294,0.9131723,0.0,0.0,0.0,0.0,0.0,0.0,0.0,0.0,0.0,0.0,0.0,0.0,0.0,0.0,0.0,0.0,0.0,0.0,0.0,0.0
3,0.4207751,0.55694044,0.45647144,0.5158705,0.41672096,0.523868,0.5405439,0.5821979,0.0,0.0,0.6460818,0.87922347,0.33232078,0.9124871,0.0,0.0,0.0,0.0,0.0,0.0,0.0,0.0,0.0,0.0,0.0,0.0,0.0,0.0,0.0,0.0,0.0,0.0,0.0,0.0
3,0.41935474,0.55977005,0.4558479,0.51708126,0.41577268,0.52400446,0.5425117,0.5820557,0.0,0.0,0.64542663,0.88916,0.33454546,0.9065309,0.0,0.0,0.0,0.0,0.0,0.0,0.0,0.0,0.0,0.0,0.0,0.0,0.0,0.0,0.0,0.0,0.0,0.0,0.0,0.0
3,0.41832024,0.5880466,0.45587382,0.53741556,0.40804744,0.5459688,0.5400051,0.5923795,0.0,0.0,0.6481582,0.8932202,0.31743115,0.9319914,0.0,0.0,0.0,0.0,0.0,0.0,0.0,0.0,0.0,0.0,0.0,0.0,0.0,0.0,0.0,0.0,0.0,0.0,0.0,0.0
3,0.4173224,0.59172815,0.45470494,0.5394118,0.4077631,0.548905,0.54153097,0.5913192,0.0,0.0,0.6510018,0.892379,0.3238576,0.92873377,0.0,0.0,0.0,0.0,0.0,0.0,0.0,0.0,0.0,0.0,0.0,0.0,0.0,0.0,0.0,0.0,0.0,0.0,0.0,0.0
3,0.41692725,0.5911474,0.4548997,0.53846467,0.40733695,0.5474957,0.54143715,0.5934198,0.0,0.0,0.6509947,0.89927894,0.31164262,0.94030386,0.0,0.0,0.0,0.0,0.0,0.0,0.0,0.0,0.0,0.0,0.0,0.0,0.0,0.0,0.0,0.0,0.0,0.0,0.0,0.0
3,0.41882592,0.58803743,0.45630717,0.5370763,0.40792054,0.5442081,0.53949153,0.5897179,0.0,0.0,0.647917,0.8911389,0.31779057,0.92222553,0.0,0.0,0.0,0.0,0.0,0.0,0.0,0.0,0.0,0.0,0.0,0.0,0.0,0.0,0.0,0.0,0.0,0.0,0.0,0.0
3,0.41707522,0.59234005,0.45441094,0.54112047,0.40743953,0.5474564,0.5387448,0.59142804,0.0,0.0,0.64708745,0.89148694,0.32273617,0.9209579,0.0,0.0,0.0,0.0,0.0,0.0,0.0,0.0,0.0,0.0,0.0,0.0,0.0,0.0,0.0,0.0,0.0,0.0,0.0,0.0
3,0.41658956,0.59249616,0.4532938,0.54227805,0.40741524,0.54983294,0.53696537,0.5950022,0.0,0.0,0.6477559,0.89577585,0.3131261,0.932587,0.0,0.0,0.0,0.0,0.0,0.0,0.0,0.0,0.0,0.0,0.0,0.0,0.0,0.0,0.0,0.0,0.0,0.0,0.0,0.0
3,0.41264144,0.59472984,0.45196652,0.54157555,0.40303773,0.5480867,0.54069686,0.5960535,0.0,0.0,0.6511654,0.89518356,0.30900654,0.93844163,0.0,0.0,0.0,0.0,0.0,0.0,0.0,0.0,0.0,0.0,0.0,0.0,0.0,0.0,0.0,0.0,0.0,0.0,0.0,0.0
3,0.41394052,0.6038137,0.450389,0.5486514,0.40339914,0.55810905,0.5364786,0.5916457,0.0,0.0,0.65086097,0.8927685,0.32375807,0.9266393,0.0,0.0,0.0,0.0,0.0,0.0,0.0,0.0,0.0,0.0,0.0,0.0,0.0,0.0,0.0,0.0,0.0,0.0,0.0,0.0
3,0.41123858,0.62334543,0.44840893,0.5616848,0.40035182,0.56806016,0.53436804,0.596302,0.0,0.0,0.65155756,0.906595,0.30636132,0.9424504,0.0,0.0,0.0,0.0,0.0,0.0,0.0,0.0,0.0,0.0,0.0,0.0,0.0,0.0,0.0,0.0,0.0,0.0,0.0,0.0
3,0.40660602,0.63210547,0.44434398,0.5709823,0.39602315,0.5785789,0.53398025,0.6048661,0.0,0.0,0.6489729,0.8992263,0.31992403,0.9403441,0.0,0.0,0.0,0.0,0.0,0.0,0.0,0.0,0.0,0.0,0.0,0.0,0.0,0.0,0.0,0.0,0.0,0.0,0.0,0.0
3,0.40519848,0.6382732,0.44177327,0.57381576,0.39478347,0.58199155,0.53100914,0.60047495,0.0,0.0,0.6503407,0.9039454,0.30885452,0.9471651,0.0,0.0,0.0,0.0,0.0,0.0,0.0,0.0,0.0,0.0,0.0,0.0,0.0,0.0,0.0,0.0,0.0,0.0,0.0,0.0
3,0.39823896,0.62889445,0.43790275,0.5670588,0.3908053,0.57268,0.5340692,0.60431355,0.0,0.0,0.654245,0.90503037,0.31063813,0.94557166,0.0,0.0,0.0,0.0,0.0,0.0,0.0,0.0,0.0,0.0,0.0,0.0,0.0,0.0,0.0,0.0,0.0,0.0,0.0,0.0
3,0.39794844,0.6478829,0.43458587,0.58126026,0.3878101,0.58968365,0.5284966,0.5991494,0.0,0.0,0.65225154,0.90147096,0.3254894,0.9286872,0.0,0.0,0.0,0.0,0.0,0.0,0.0,0.0,0.0,0.0,0.0,0.0,0.0,0.0,0.0,0.0,0.0,0.0,0.0,0.0
3,0.40064335,0.6514209,0.43633908,0.58622384,0.39001176,0.5967659,0.528917,0.6051363,0.0,0.0,0.6513218,0.9025935,0.32182384,0.93356043,0.0,0.0,0.0,0.0,0.0,0.0,0.0,0.0,0.0,0.0,0.0,0.0,0.0,0.0,0.0,0.0,0.0,0.0,0.0,0.0
3,0.39962286,0.6583889,0.43588638,0.5897877,0.38802698,0.5990916,0.5289273,0.60532326,0.0,0.0,0.6523107,0.9026403,0.3194589,0.9460629,0.0,0.0,0.0,0.0,0.0,0.0,0.0,0.0,0.0,0.0,0.0,0.0,0.0,0.0,0.0,0.0,0.0,0.0,0.0,0.0
3,0.39772934,0.6596159,0.43411046,0.5901754,0.38624206,0.5992971,0.52768326,0.6046099,0.0,0.0,0.6522604,0.90924126,0.31652093,0.9433144,0.0,0.0,0.0,0.0,0.0,0.0,0.0,0.0,0.0,0.0,0.0,0.0,0.0,0.0,0.0,0.0,0.0,0.0,0.0,0.0
3,0.39642236,0.66226894,0.43323666,0.5943419,0.3849961,0.6039941,0.5278787,0.60929924,0.0,0.0,0.65070283,0.89939505,0.32260877,0.9381459,0.0,0.0,0.0,0.0,0.0,0.0,0.0,0.0,0.0,0.0,0.0,0.0,0.0,0.0,0.0,0.0,0.0,0.0,0.0,0.0
3,0.3976308,0.6640027,0.43335724,0.596371,0.3868901,0.60589683,0.52699137,0.6092496,0.0,0.0,0.6535505,0.90345436,0.32248944,0.938427,0.0,0.0,0.0,0.0,0.0,0.0,0.0,0.0,0.0,0.0,0.0,0.0,0.0,0.0,0.0,0.0,0.0,0.0,0.0,0.0
3,0.39749625,0.6683599,0.43206638,0.5970343,0.38492852,0.60989916,0.52620006,0.6026146,0.0,0.0,0.6556224,0.9029963,0.32934293,0.9371021,0.0,0.0,0.0,0.0,0.0,0.0,0.0,0.0,0.0,0.0,0.0,0.0,0.0,0.0,0.0,0.0,0.0,0.0,0.0,0.0
3,0.39368156,0.66862994,0.43002725,0.5990767,0.38300204,0.60886407,0.5266153,0.6062315,0.0,0.0,0.6508516,0.8996689,0.3308608,0.9289189,0.0,0.0,0.0,0.0,0.0,0.0,0.0,0.0,0.0,0.0,0.0,0.0,0.0,0.0,0.0,0.0,0.0,0.0,0.0,0.0
3,0.39412704,0.66419697,0.43053642,0.5962279,0.38360077,0.60482246,0.5260236,0.6102445,0.0,0.0,0.6519793,0.9016654,0.3256213,0.93879443,0.0,0.0,0.0,0.0,0.0,0.0,0.0,0.0,0.0,0.0,0.0,0.0,0.0,0.0,0.0,0.0,0.0,0.0,0.0,0.0
3,0.3983923,0.6828358,0.43478936,0.6097426,0.38322908,0.61806184,0.5273445,0.6099182,0.0,0.0,0.65196115,0.90550196,0.33113557,0.9284098,0.0,0.0,0.0,0.0,0.0,0.0,0.0,0.0,0.0,0.0,0.0,0.0,0.0,0.0,0.0,0.0,0.0,0.0,0.0,0.0
2,0.5054232,0.6139309,0.5354835,0.5611031,0.46936336,0.5610433,0.5719652,0.6088715,0.41805488,0.6113586,0.6561595,0.90566355,0.31929734,0.9330221,0.0,0.0,0.0,0.0,0.0,0.0,0.0,0.0,0.0,0.0,0.0,0.0,0.0,0.0,0.0,0.0,0.0,0.0,0.0,0.0
2,0.50504714,0.61553735,0.53416383,0.558721,0.4689687,0.56016254,0.5701721,0.6002082,0.41732335,0.60638297,0.65832204,0.9106709,0.32334524,0.9324005,0.0,0.0,0.0,0.0,0.0,0.0,0.0,0.0,0.0,0.0,0.0,0.0,0.0,0.0,0.0,0.0,0.0,0.0,0.0,0.0
2,0.5087791,0.6113507,0.5375062,0.5594011,0.47377795,0.558113,0.57064885,0.607859,0.42103964,0.6071369,0.6556854,0.91130745,0.32039827,0.93739676,0.0,0.0,0.0,0.0,0.0,0.0,0.0,0.0,0.0,0.0,0.0,0.0,0.0,0.0,0.0,0.0,0.0,0.0,0.0,0.0
2,0.5160626,0.6108754,0.54531425,0.5641156,0.48190197,0.5568657,0.57616615,0.61582893,0.42678776,0.60202533,0.6527421,0.898865,0.32464236,0.9217443,0.0,0.0,0.0,0.0,0.0,0.0,0.0,0.0,0.0,0.0,0.0,0.0,0.0,0.0,0.0,0.0,0.0,0.0,0.0,0.0
2,0.5223683,0.6095879,0.5502818,0.56238043,0.48794478,0.55313855,0.5779316,0.6145377,0.42828035,0.5970414,0.6557182,0.90247864,0.32113555,0.92510825,0.0,0.0,0.0,0.0,0.0,0.0,0.0,0.0,0.0,0.0,0.0,0.0,0.0,0.0,0.0,0.0,0.0,0.0,0.0,0.0
2,0.527676,0.60898536,0.5546272,0.5585599,0.49316543,0.5516669,0.5805405,0.6040116,0.43186718,0.5909454,0.65327203,0.89805925,0.32360563,0.92069346,0.0,0.0,0.0,0.0,0.0,0.0,0.0,0.0,0.0,0.0,0.0,0.0,0.0,0.0,0.0,0.0,0.0,0.0,0.0,0.0
2,0.5294985,0.6034223,0.5572669,0.5568773,0.49670404,0.54567313,0.5818656,0.61059064,0.4353941,0.58683765,0.6543311,0.90989685,0.31242752,0.93410486,0.0,0.0,0.0,0.0,0.0,0.0,0.0,0.0,0.0,0.0,0.0,0.0,0.0,0.0,0.0,0.0,0.0,0.0,0.0,0.0
2,0.53131706,0.60397613,0.55892575,0.55796325,0.4989454,0.5448338,0.5829446,0.60976404,0.4372049,0.5820939,0.6541649,0.9044137,0.31910935,0.9208502,0.0,0.0,0.0,0.0,0.0,0.0,0.0,0.0,0.0,0.0,0.0,0.0,0.0,0.0,0.0,0.0,0.0,0.0,0.0,0.0
2,0.5367552,0.5927887,0.5631782,0.552104,0.5032621,0.5371805,0.5846339,0.6167175,0.43752217,0.5865833,0.6577596,0.9122979,0.31174698,0.93194795,0.0,0.0,0.0,0.0,0.0,0.0,0.0,0.0,0.0,0.0,0.0,0.0,0.0,0.0,0.0,0.0,0.0,0.0,0.0,0.0
2,0.5356823,0.5942193,0.56374204,0.55227345,0.50336444,0.5372844,0.5868963,0.61429673,0.44063193,0.5828813,0.6566491,0.91417056,0.31466028,0.92894626,0.0,0.0,0.0,0.0,0.0,0.0,0.0,0.0,0.0,0.0,0.0,0.0,0.0,0.0,0.0,0.0,0.0,0.0,0.0,0.0
2,0.5321221,0.5836087,0.5581754,0.54205745,0.49842906,0.530931,0.58146286,0.6053457,0.43710747,0.5844231,0.6574488,0.9057802,0.3183707,0.93190163,0.0,0.0,0.0,0.0,0.0,0.0,0.0,0.0,0.0,0.0,0.0,0.0,0.0,0.0,0.0,0.0,0.0,0.0,0.0,0.0
2,0.52799195,0.5797416,0.5551485,0.54010946,0.49570823,0.5256808,0.5786834,0.6055065,0.43584007,0.5766582,0.6568482,0.9062229,0.31800118,0.9268136,0.0,0.0,0.0,0.0,0.0,0.0,0.0,0.0,0.0,0.0,0.0,0.0,0.0,0.0,0.0,0.0,0.0,0.0,0.0,0.0
2,0.52261144,0.5754847,0.54936594,0.5337335,0.48916373,0.5253892,0.57583535,0.59753317,0.4327918,0.58276725,0.66080296,0.9042346,0.31563705,0.93354994,0.0,0.0,0.0,0.0,0.0,0.0,0.0,0.0,0.0,0.0,0.0,0.0,0.0,0.0,0.0,0.0,0.0,0.0,0.0,0.0
2,0.5177819,0.5760825,0.54466844,0.5353205,0.48508033,0.52765566,0.572617,0.5997979,0.43258685,0.586935,0.65645075,0.9095571,0.33027163,0.9223657,0.0,0.0,0.0,0.0,0.0,0.0,0.0,0.0,0.0,0.0,0.0,0.0,0.0,0.0,0.0,0.0,0.0,0.0,0.0,0.0
2,0.5169076,0.5728621,0.5443087,0.5337233,0.4828319,0.52702075,0.573292,0.6031415,0.42925835,0.5921834,0.65867907,0.9079327,0.316508,0.9339774,0.0,0.0,0.0,0.0,0.0,0.0,0.0,0.0,0.0,0.0,0.0,0.0,0.0,0.0,0.0,0.0,0.0,0.0,0.0,0.0
2,0.51413417,0.57482964,0.5416625,0.533806,0.4802088,0.5280378,0.5720046,0.60003567,0.42809206,0.5913475,0.66081315,0.9054473,0.31449813,0.9347157,0.0,0.0,0.0,0.0,0.0,0.0,0.0,0.0,0.0,0.0,0.0,0.0,0.0,0.0,0.0,0.0,0.0,0.0,0.0,0.0
2,0.5099691,0.57591695,0.5387434,0.5333928,0.47629768,0.5291372,0.57160187,0.5981824,0.42631713,0.5914903,0.6609498,0.90422285,0.3115673,0.9367415,0.0,0.0,0.0,0.0,0.0,0.0,0.0,0.0,0.0,0.0,0.0,0.0,0.0,0.0,0.0,0.0,0.0,0.0,0.0,0.0
2,0.50598973,0.57625604,0.5351571,0.53186375,0.47253194,0.5314882,0.57013834,0.59631634,0.42510062,0.5972938,0.6580724,0.9109241,0.3174,0.9312244,0.0,0.0,0.0,0.0,0.0,0.0,0.0,0.0,0.0,0.0,0.0,0.0,0.0,0.0,0.0,0.0,0.0,0.0,0.0,0.0
2,0.50466216,0.5719737,0.5328861,0.53095025,0.46988863,0.5316921,0.5684346,0.5983937,0.42310953,0.60404015,0.66088617,0.8995699,0.3296444,0.92769706,0.0,0.0,0.0,0.0,0.0,0.0,0.0,0.0,0.0,0.0,0.0,0.0,0.0,0.0,0.0,0.0,0.0,0.0,0.0,0.0
2,0.5012359,0.56890196,0.5307499,0.5268959,0.46733707,0.52769285,0.5674801,0.5982685,0.42126846,0.60240686,0.65925294,0.911435,0.31581712,0.9373347,0.0,0.0,0.0,0.0,0.0,0.0,0.0,0.0,0.0,0.0,0.0,0.0,0.0,0.0,0.0,0.0,0.0,0.0,0.0,0.0
2,0.49828568,0.5772744,0.52696913,0.5310956,0.4638266,0.536333,0.5666434,0.5944275,0.4205563,0.60919005,0.66108006,0.91166466,0.32782736,0.9312748,0.0,0.0,0.0,0.0,0.0,0.0,0.0,0.0,0.0,0.0,0.0,0.0,0.0,0.0,0.0,0.0,0.0,0.0,0.0,0.0
2,0.49249697,0.57545185,0.5201847,0.5291045,0.4574717,0.53654385,0.55959857,0.59227806,0.41457716,0.6122435,0.66032445,0.9032514,0.3193066,0.9399151,0.0,0.0,0.0,0.0,0.0,0.0,0.0,0.0,0.0,0.0,0.0,0.0,0.0,0.0,0.0,0.0,0.0,0.0,0.0,0.0
2,0.49089903,0.5821156,0.5182137,0.53684753,0.45589438,0.546016,0.55782115,0.60015345,0.41369954,0.6238542,0.6591354,0.90434283,0.32024273,0.9406807,0.0,0.0,0.0,0.0,0.0,0.0,0.0,0.0,0.0,0.0,0.0,0.0,0.0,0.0,0.0,0.0,0.0,0.0,0.0,0.0
2,0.48571795,0.5897107,0.51340944,0.53745353,0.4508984,0.54908544,0.5561705,0.58939373,0.41090065,0.6177865,0.65852356,0.9003527,0.31939802,0.9418945,0.0,0.0,0.0,0.0,0.0,0.0,0.0,0.0,0.0,0.0,0.0,0.0,0.0,0.0,0.0,0.0,0.0,0.0,0.0,0.0
2,0.48116603,0.59953475,0.5097763,0.54642767,0.44666713,0.55812037,0.55480593,0.5935084,0.40714282,0.6211915,0.6582634,0.8951233,0.30914754,0.9426444,0.0,0.0,0.0,0.0,0.0,0.0,0.0,0.0,0.0,0.0,0.0,0.0,0.0,0.0,0.0,0.0,0.0,0.0,0.0,0.0
2,0.47879496,0.6073011,0.5071259,0.5505265,0.44457132,0.5656943,0.55511963,0.5905128,0.40760764,0.62522066,0.65843296,0.8879929,0.3161919,0.9326722,0.0,0.0,0.0,0.0,0.0,0.0,0.0,0.0,0.0,0.0,0.0,0.0,0.0,0.0,0.0,0.0,0.0,0.0,0.0,0.0
2,0.47650966,0.6212056,0.50625736,0.55914795,0.44250137,0.5725899,0.5555881,0.58881956,0.4051202,0.61971384,0.6565474,0.8932359,0.31584337,0.9342242,0.0,0.0,0.0,0.0,0.0,0.0,0.0,0.0,0.0,0.0,0.0,0.0,0.0,0.0,0.0,0.0,0.0,0.0,0.0,0.0
2,0.47606316,0.62953705,0.5059825,0.56699073,0.4422025,0.5803555,0.555626,0.597951,0.40468898,0.6280962,0.6562417,0.90419954,0.318619,0.94194126,0.0,0.0,0.0,0.0,0.0,0.0,0.0,0.0,0.0,0.0,0.0,0.0,0.0,0.0,0.0,0.0,0.0,0.0,0.0,0.0
2,0.4800014,0.63997525,0.5090991,0.5771879,0.44519773,0.5892955,0.5564488,0.5995541,0.40632677,0.6292004,0.6559903,0.8936342,0.32802695,0.917777,0.0,0.0,0.0,0.0,0.0,0.0,0.0,0.0,0.0,0.0,0.0,0.0,0.0,0.0,0.0,0.0,0.0,0.0,0.0,0.0
2,0.48133922,0.65083706,0.51042837,0.5836383,0.44653234,0.5971726,0.55932593,0.59931237,0.4084879,0.6311864,0.65812963,0.8977607,0.32914495,0.9262167,0.0,0.0,0.0,0.0,0.0,0.0,0.0,0.0,0.0,0.0,0.0,0.0,0.0,0.0,0.0,0.0,0.0,0.0,0.0,0.0
2,0.48197255,0.6604979,0.51312876,0.58834255,0.447401,0.5991048,0.5633462,0.5968504,0.40844566,0.6227513,0.6581898,0.90239096,0.3299056,0.9280738,0.0,0.0,0.0,0.0,0.0,0.0,0.0,0.0,0.0,0.0,0.0,0.0,0.0,0.0,0.0,0.0,0.0,0.0,0.0,0.0
2,0.48279053,0.6662664,0.5136395,0.5971672,0.4502502,0.6059111,0.5621725,0.60654175,0.41314477,0.6261265,0.65159637,0.9030619,0.33192748,0.92817783,0.0,0.0,0.0,0.0,0.0,0.0,0.0,0.0,0.0,0.0,0.0,0.0,0.0,0.0,0.0,0.0,0.0,0.0,0.0,0.0
2,0.49056855,0.6662453,0.5199845,0.5982988,0.4563225,0.60697293,0.5662421,0.6126519,0.41561285,0.63373625,0.65878594,0.9140577,0.330985,0.9374449,0.0,0.0,0.0,0.0,0.0,0.0,0.0,0.0,0.0,0.0,0.0,0.0,0.0,0.0,0.0,0.0,0.0,0.0,0.0,0.0
2,0.49524802,0.66600287,0.52654994,0.5974797,0.4597226,0.6042257,0.5716599,0.6110995,0.4157279,0.62762195,0.6573853,0.9065545,0.33405572,0.9232144,0.0,0.0,0.0,0.0,0.0,0.0,0.0,0.0,0.0,0.0,0.0,0.0,0.0,0.0,0.0,0.0,0.0,0.0,0.0,0.0
2,0.49941406,0.67249465,0.5308963,0.60327685,0.4643096,0.6066571,0.5735707,0.6132493,0.41802365,0.6224598,0.6596579,0.90790236,0.33104187,0.92990166,0.0,0.0,0.0,0.0,0.0,0.0,0.0,0.0,0.0,0.0,0.0,0.0,0.0,0.0,0.0,0.0,0.0,0.0,0.0,0.0
2,0.5015711,0.6664718,0.5336238,0.5999349,0.46734077,0.60251516,0.57722324,0.61380434,0.42248282,0.620723,0.65676,0.90534955,0.34148222,0.91208607,0.0,0.0,0.0,0.0,0.0,0.0,0.0,0.0,0.0,0.0,0.0,0.0,0.0,0.0,0.0,0.0,0.0,0.0,0.0,0.0
2,0.5077083,0.6693693,0.53873247,0.6024257,0.47205606,0.60418236,0.578287,0.6196365,0.42213297,0.6251405,0.6595111,0.91148514,0.33262402,0.9356921,0.0,0.0,0.0,0.0,0.0,0.0,0.0,0.0,0.0,0.0,0.0,0.0,0.0,0.0,0.0,0.0,0.0,0.0,0.0,0.0
2,0.50836724,0.6736613,0.5401551,0.60387784,0.47395268,0.6031012,0.57887304,0.61674136,0.42242974,0.61463803,0.65812564,0.92713886,0.32176223,0.9508446,0.0,0.0,0.0,0.0,0.0,0.0,0.0,0.0,0.0,0.0,0.0,0.0,0.0,0.0,0.0,0.0,0.0,0.0,0.0,0.0
2,0.514905,0.67117673,0.545752,0.6073121,0.48231015,0.6049645,0.5823387,0.62245053,0.4324987,0.61699265,0.65461606,0.9156282,0.3452623,0.9154792,0.0,0.0,0.0,0.0,0.0,0.0,0.0,0.0,0.0,0.0,0.0,0.0,0.0,0.0,0.0,0.0,0.0,0.0,0.0,0.0
2,0.5196883,0.6683001,0.5513748,0.6043618,0.48591176,0.59781706,0.587255,0.62290806,0.43145314,0.608477,0.65657043,0.9148899,0.34208608,0.92123246,0.0,0.0,0.0,0.0,0.0,0.0,0.0,0.0,0.0,0.0,0.0,0.0,0.0,0.0,0.0,0.0,0.0,0.0,0.0,0.0
2,0.5253029,0.6650068,0.5576212,0.6014008,0.49222368,0.5963085,0.59313625,0.6203585,0.43802524,0.6073138,0.65812105,0.92133754,0.3371603,0.9198439,0.0,0.0,0.0,0.0,0.0,0.0,0.0,0.0,0.0,0.0,0.0,0.0,0.0,0.0,0.0,0.0,0.0,0.0,0.0,0.0
2,0.5281782,0.66423404,0.56020737,0.6034252,0.49591923,0.5934886,0.5917388,0.62928516,0.43732414,0.60517526,0.65690154,0.92407936,0.3244993,0.9361891,0.0,0.0,0.0,0.0,0.0,0.0,0.0,0.0,0.0,0.0,0.0,0.0,0.0,0.0,0.0,0.0,0.0,0.0,0.0,0.0
2,0.5306734,0.65673184,0.5620204,0.59814817,0.49834538,0.58870804,0.5922734,0.6268867,0.43930763,0.60436034,0.6608261,0.9196579,0.3197373,0.92898625,0.0,0.0,0.0,0.0,0.0,0.0,0.0,0.0,0.0,0.0,0.0,0.0,0.0,0.0,0.0,0.0,0.0,0.0,0.0,0.0
2,0.53197724,0.6529842,0.56305206,0.59454435,0.4991396,0.5855585,0.5938653,0.6246325,0.44002494,0.6034122,0.6585866,0.9201303,0.3307789,0.9254925,0.0,0.0,0.0,0.0,0.0,0.0,0.0,0.0,0.0,0.0,0.0,0.0,0.0,0.0,0.0,0.0,0.0,0.0,0.0,0.0
2,0.5336765,0.6516499,0.5644077,0.5961438,0.50211275,0.5851337,0.59383243,0.6289408,0.4438097,0.60277945,0.65620613,0.91984355,0.32872146,0.9300944,0.0,0.0,0.0,0.0,0.0,0.0,0.0,0.0,0.0,0.0,0.0,0.0,0.0,0.0,0.0,0.0,0.0,0.0,0.0,0.0
2,0.5360685,0.6484763,0.5670918,0.59355205,0.5050427,0.5808491,0.59627736,0.6271021,0.44660363,0.5966499,0.65888876,0.92118394,0.33216652,0.9190272,0.0,0.0,0.0,0.0,0.0,0.0,0.0,0.0,0.0,0.0,0.0,0.0,0.0,0.0,0.0,0.0,0.0,0.0,0.0,0.0
2,0.53677416,0.6455921,0.5690913,0.5917684,0.5056872,0.57675403,0.5972621,0.6294937,0.4448866,0.5932498,0.6563799,0.915546,0.32093853,0.92530584,0.0,0.0,0.0,0.0,0.0,0.0,0.0,0.0,0.0,0.0,0.0,0.0,0.0,0.0,0.0,0.0,0.0,0.0,0.0,0.0
2,0.5361809,0.63176554,0.5672296,0.5816683,0.50505745,0.5678512,0.5941009,0.6264191,0.44469506,0.5943167,0.65635014,0.91509145,0.32090798,0.9268317,0.0,0.0,0.0,0.0,0.0,0.0,0.0,0.0,0.0,0.0,0.0,0.0,0.0,0.0,0.0,0.0,0.0,0.0,0.0,0.0
2,0.5364527,0.6262055,0.56782275,0.5766605,0.50446075,0.5628827,0.5953539,0.6238928,0.44370928,0.59223294,0.65497094,0.9130182,0.32776773,0.91774106,0.0,0.0,0.0,0.0,0.0,0.0,0.0,0.0,0.0,0.0,0.0,0.0,0.0,0.0,0.0,0.0,0.0,0.0,0.0,0.0
2,0.5353615,0.62274915,0.56720906,0.5725832,0.50360894,0.557996,0.5954598,0.62105805,0.44335803,0.587102,0.6603052,0.91655326,0.3134099,0.92638874,0.0,0.0,0.0,0.0,0.0,0.0,0.0,0.0,0.0,0.0,0.0,0.0,0.0,0.0,0.0,0.0,0.0,0.0,0.0,0.0
2,0.5328685,0.6143592,0.563685,0.5680512,0.5008596,0.5544866,0.5920152,0.6218261,0.44257936,0.59245557,0.6587788,0.9152368,0.3231121,0.92608404,0.0,0.0,0.0,0.0,0.0,0.0,0.0,0.0,0.0,0.0,0.0,0.0,0.0,0.0,0.0,0.0,0.0,0.0,0.0,0.0
2,0.5310796,0.6109961,0.5616939,0.56521904,0.49908847,0.5537543,0.59043187,0.61772895,0.44202393,0.5922677,0.6581223,0.90973175,0.3219514,0.91948354,0.0,0.0,0.0,0.0,0.0,0.0,0.0,0.0,0.0,0.0,0.0,0.0,0.0,0.0,0.0,0.0,0.0,0.0,0.0,0.0
2,0.5315298,0.60725474,0.5610903,0.55962217,0.49941897,0.5473151,0.58798265,0.61109084,0.44012642,0.58431077,0.6582041,0.9097995,0.31656903,0.9231398,0.0,0.0,0.0,0.0,0.0,0.0,0.0,0.0,0.0,0.0,0.0,0.0,0.0,0.0,0.0,0.0,0.0,0.0,0.0,0.0
2,0.5300421,0.60559165,0.5606259,0.55927885,0.49827036,0.546667,0.58874434,0.61259896,0.4407223,0.58484304,0.65742934,0.90718603,0.32123235,0.9212572,0.0,0.0,0.0,0.0,0.0,0.0,0.0,0.0,0.0,0.0,0.0,0.0,0.0,0.0,0.0,0.0,0.0,0.0,0.0,0.0
2,0.53096443,0.6037979,0.5609278,0.5588286,0.49822363,0.5471066,0.5887955,0.6163493,0.43954724,0.59136355,0.6599978,0.91321015,0.3177635,0.92811906,0.0,0.0,0.0,0.0,0.0,0.0,0.0,0.0,0.0,0.0,0.0,0.0,0.0,0.0,0.0,0.0,0.0,0.0,0.0,0.0
2,0.5279615,0.605614,0.55884314,0.55656964,0.49529585,0.5460081,0.5885266,0.60864663,0.43810576,0.5854776,0.65992284,0.90765816,0.3156981,0.9261679,0.0,0.0,0.0,0.0,0.0,0.0,0.0,0.0,0.0,0.0,0.0,0.0,0.0,0.0,0.0,0.0,0.0,0.0,0.0,0.0
2,0.52766865,0.5950595,0.5590419,0.55195445,0.4964077,0.5358222,0.58709127,0.6151251,0.43857336,0.5801626,0.65870255,0.9219973,0.3160627,0.93042654,0.0,0.0,0.0,0.0,0.0,0.0,0.0,0.0,0.0,0.0,0.0,0.0,0.0,0.0,0.0,0.0,0.0,0.0,0.0,0.0
2,0.524923,0.5874658,0.55486953,0.54687494,0.49213257,0.5365686,0.5842694,0.6136792,0.43650365,0.5923908,0.6605058,0.90847373,0.31283802,0.9291233,0.0,0.0,0.0,0.0,0.0,0.0,0.0,0.0,0.0,0.0,0.0,0.0,0.0,0.0,0.0,0.0,0.0,0.0,0.0,0.0
2,0.5199549,0.58619094,0.55077064,0.54584944,0.4877422,0.5355918,0.58215714,0.6137462,0.43521935,0.5925925,0.6596304,0.911496,0.317468,0.93403447,0.0,0.0,0.0,0.0,0.0,0.0,0.0,0.0,0.0,0.0,0.0,0.0,0.0,0.0,0.0,0.0,0.0,0.0,0.0,0.0
2,0.5173003,0.583369,0.54717654,0.5413388,0.48556668,0.5351173,0.5798311,0.6053358,0.43671918,0.59313047,0.6608048,0.91623485,0.3222646,0.9351845,0.0,0.0,0.0,0.0,0.0,0.0,0.0,0.0,0.0,0.0,0.0,0.0,0.0,0.0,0.0,0.0,0.0,0.0,0.0,0.0
2,0.51428944,0.58199745,0.5448496,0.5407135,0.48136193,0.5320157,0.5778834,0.60928917,0.43021995,0.5921538,0.66068876,0.91330343,0.31321767,0.93935037,0.0,0.0,0.0,0.0,0.0,0.0,0.0,0.0,0.0,0.0,0.0,0.0,0.0,0.0,0.0,0.0,0.0,0.0,0.0,0.0
2,0.5076987,0.5817949,0.53818166,0.5369974,0.4765436,0.5346315,0.57534105,0.5976335,0.43259892,0.5929025,0.65867805,0.91132814,0.32835418,0.9212085,0.0,0.0,0.0,0.0,0.0,0.0,0.0,0.0,0.0,0.0,0.0,0.0,0.0,0.0,0.0,0.0,0.0,0.0,0.0,0.0
2,0.50682396,0.5724557,0.537194,0.53516084,0.4752466,0.53246915,0.5735557,0.6058239,0.43156433,0.6012731,0.6545683,0.90709686,0.32927993,0.92117333,0.0,0.0,0.0,0.0,0.0,0.0,0.0,0.0,0.0,0.0,0.0,0.0,0.0,0.0,0.0,0.0,0.0,0.0,0.0,0.0
2,0.50218534,0.57352936,0.53353155,0.532622,0.46994776,0.5301105,0.57227075,0.6059414,0.42536467,0.6017718,0.65863866,0.9171865,0.3230299,0.92870164,0.0,0.0,0.0,0.0,0.0,0.0,0.0,0.0,0.0,0.0,0.0,0.0,0.0,0.0,0.0,0.0,0.0,0.0,0.0,0.0
2,0.49463463,0.5717313,0.527526,0.5306344,0.4641482,0.5296978,0.570955,0.6048752,0.42381492,0.6024176,0.6580502,0.90843225,0.3268635,0.9261057,0.0,0.0,0.0,0.0,0.0,0.0,0.0,0.0,0.0,0.0,0.0,0.0,0.0,0.0,0.0,0.0,0.0,0.0,0.0,0.0
2,0.48991126,0.57293266,0.5228318,0.529341,0.459193,0.53194976,0.56841546,0.60007703,0.4202854,0.6053748,0.6594349,0.9096634,0.32638764,0.92618364,0.0,0.0,0.0,0.0,0.0,0.0,0.0,0.0,0.0,0.0,0.0,0.0,0.0,0.0,0.0,0.0,0.0,0.0,0.0,0.0
2,0.48804027,0.57015103,0.52083826,0.5305073,0.45690307,0.5336317,0.5658523,0.6035622,0.41838175,0.60895634,0.649996,0.90425974,0.32474455,0.923499,0.0,0.0,0.0,0.0,0.0,0.0,0.0,0.0,0.0,0.0,0.0,0.0,0.0,0.0,0.0,0.0,0.0,0.0,0.0,0.0
2,0.4885923,0.5727861,0.52104276,0.5326335,0.45763335,0.5370934,0.5655185,0.6050033,0.41889197,0.61285824,0.65186936,0.9043589,0.31502485,0.9327725,0.0,0.0,0.0,0.0,0.0,0.0,0.0,0.0,0.0,0.0,0.0,0.0,0.0,0.0,0.0,0.0,0.0,0.0,0.0,0.0
2,0.48667035,0.57779115,0.51849455,0.53485423,0.45620623,0.5396835,0.564649,0.60344636,0.41884422,0.613473,0.65789384,0.9046141,0.3251003,0.9260137,0.0,0.0,0.0,0.0,0.0,0.0,0.0,0.0,0.0,0.0,0.0,0.0,0.0,0.0,0.0,0.0,0.0,0.0,0.0,0.0
2,0.4833452,0.5732057,0.51522267,0.5314745,0.45223707,0.5365505,0.561499,0.60133994,0.41418433,0.61178964,0.65756816,0.9009076,0.31483728,0.93066895,0.0,0.0,0.0,0.0,0.0,0.0,0.0,0.0,0.0,0.0,0.0,0.0,0.0,0.0,0.0,0.0,0.0,0.0,0.0,0.0
2,0.48310667,0.5764915,0.51498175,0.53452295,0.45270953,0.5397812,0.56182945,0.60390687,0.41575116,0.6145296,0.6595279,0.90529007,0.31335765,0.93932444,0.0,0.0,0.0,0.0,0.0,0.0,0.0,0.0,0.0,0.0,0.0,0.0,0.0,0.0,0.0,0.0,0.0,0.0,0.0,0.0
2,0.48209876,0.58549815,0.5138946,0.5385014,0.4515554,0.5416394,0.55989254,0.599299,0.41424546,0.6066242,0.65810937,0.9104129,0.32380766,0.93043685,0.0,0.0,0.0,0.0,0.0,0.0,0.0,0.0,0.0,0.0,0.0,0.0,0.0,0.0,0.0,0.0,0.0,0.0,0.0,0.0
2,0.47920766,0.5877386,0.5102599,0.54048115,0.4478875,0.5471807,0.5567106,0.59741527,0.41032204,0.6122987,0.65643513,0.8983056,0.31444407,0.9296602,0.0,0.0,0.0,0.0,0.0,0.0,0.0,0.0,0.0,0.0,0.0,0.0,0.0,0.0,0.0,0.0,0.0,0.0,0.0,0.0
2,0.47509307,0.5890921,0.50617254,0.5421625,0.44393492,0.5538838,0.5568993,0.6023707,0.40903005,0.62720656,0.65540016,0.8962705,0.31459886,0.9338951,0.0,0.0,0.0,0.0,0.0,0.0,0.0,0.0,0.0,0.0,0.0,0.0,0.0,0.0,0.0,0.0,0.0,0.0,0.0,0.0
2,0.4712991,0.59756243,0.5027037,0.5440814,0.44103748,0.55531365,0.55590904,0.5927927,0.40733713,0.6165677,0.6580719,0.9002494,0.3114791,0.9315559,0.0,0.0,0.0,0.0,0.0,0.0,0.0,0.0,0.0,0.0,0.0,0.0,0.0,0.0,0.0,0.0,0.0,0.0,0.0,0.0
2,0.46883306,0.60105634,0.5000233,0.54696155,0.43882075,0.5593011,0.55412614,0.5936883,0.40667376,0.6198936,0.65662587,0.8961935,0.31593636,0.93614715,0.0,0.0,0.0,0.0,0.0,0.0,0.0,0.0,0.0,0.0,0.0,0.0,0.0,0.0,0.0,0.0,0.0,0.0,0.0,0.0
2,0.4662571,0.6050344,0.49833828,0.5479605,0.4371954,0.55897397,0.55382645,0.59100395,0.40512317,0.61321807,0.6559919,0.90069056,0.30293965,0.94332176,0.0,0.0,0.0,0.0,0.0,0.0,0.0,0.0,0.0,0.0,0.0,0.0,0.0,0.0,0.0,0.0,0.0,0.0,0.0,0.0
2,0.4650857,0.60684466,0.49621996,0.55135584,0.436413,0.5644084,0.5526551,0.595364,0.40634283,0.6223311,0.65751636,0.89778703,0.31284684,0.93782,0.0,0.0,0.0,0.0,0.0,0.0,0.0,0.0,0.0,0.0,0.0,0.0,0.0,0.0,0.0,0.0,0.0,0.0,0.0,0.0
2,0.4647135,0.61927116,0.49497494,0.5580052,0.435111,0.5722985,0.55097497,0.5901096,0.4049061,0.62044686,0.65495855,0.8958788,0.31403166,0.9347898,0.0,0.0,0.0,0.0,0.0,0.0,0.0,0.0,0.0,0.0,0.0,0.0,0.0,0.0,0.0,0.0,0.0,0.0,0.0,0.0
2,0.46301174,0.6153894,0.49418393,0.5568203,0.4340128,0.5711518,0.5512535,0.59441173,0.40555924,0.6229738,0.64888763,0.8931601,0.32680586,0.9290973,0.0,0.0,0.0,0.0,0.0,0.0,0.0,0.0,0.0,0.0,0.0,0.0,0.0,0.0,0.0,0.0,0.0,0.0,0.0,0.0
2,0.46039492,0.6244641,0.490763,0.56231785,0.4333206,0.5790405,0.5516799,0.59058505,0.40829092,0.6251403,0.6557108,0.8938774,0.3230431,0.93544173,0.0,0.0,0.0,0.0,0.0,0.0,0.0,0.0,0.0,0.0,0.0,0.0,0.0,0.0,0.0,0.0,0.0,0.0,0.0,0.0
2,0.46139336,0.630325,0.4925584,0.5658111,0.4315335,0.5814638,0.5519666,0.5934099,0.40213037,0.6266238,0.65675426,0.89773154,0.3159595,0.9375601,0.0,0.0,0.0,0.0,0.0,0.0,0.0,0.0,0.0,0.0,0.0,0.0,0.0,0.0,0.0,0.0,0.0,0.0,0.0,0.0
2,0.46175686,0.62782574,0.49233446,0.565836,0.43285942,0.58108085,0.5510622,0.59258795,0.4052446,0.6249239,0.6543125,0.89108956,0.33251804,0.91678923,0.0,0.0,0.0,0.0,0.0,0.0,0.0,0.0,0.0,0.0,0.0,0.0,0.0,0.0,0.0,0.0,0.0,0.0,0.0,0.0
2,0.46246186,0.63593715,0.49433833,0.5679542,0.4316346,0.5836244,0.5541338,0.5900988,0.40103617,0.6236184,0.65738636,0.8931291,0.32249087,0.93170965,0.0,0.0,0.0,0.0,0.0,0.0,0.0,0.0,0.0,0.0,0.0,0.0,0.0,0.0,0.0,0.0,0.0,0.0,0.0,0.0
2,0.46436125,0.64004755,0.49610558,0.5754489,0.43448186,0.58779883,0.5535781,0.6022343,0.40294904,0.6289291,0.65677667,0.90300965,0.31656432,0.9397987,0.0,0.0,0.0,0.0,0.0,0.0,0.0,0.0,0.0,0.0,0.0,0.0,0.0,0.0,0.0,0.0,0.0,0.0,0.0,0.0
2,0.46478367,0.64959264,0.49632454,0.5827359,0.43510428,0.5956532,0.55485076,0.6003319,0.40501556,0.62853235,0.6555716,0.8938975,0.32623583,0.92768437,0.0,0.0,0.0,0.0,0.0,0.0,0.0,0.0,0.0,0.0,0.0,0.0,0.0,0.0,0.0,0.0,0.0,0.0,0.0,0.0
2,0.4675644,0.65197045,0.49957213,0.5850894,0.43698063,0.5954017,0.5558893,0.6030729,0.40425763,0.62593776,0.65537816,0.89754105,0.32406512,0.92776126,0.0,0.0,0.0,0.0,0.0,0.0,0.0,0.0,0.0,0.0,0.0,0.0,0.0,0.0,0.0,0.0,0.0,0.0,0.0,0.0
2,0.46852916,0.6565061,0.50083077,0.5873541,0.4377458,0.59818786,0.5584424,0.6033191,0.40506768,0.62746984,0.66011155,0.9051337,0.32251757,0.93339217,0.0,0.0,0.0,0.0,0.0,0.0,0.0,0.0,0.0,0.0,0.0,0.0,0.0,0.0,0.0,0.0,0.0,0.0,0.0,0.0
2,0.47165614,0.6544092,0.50336474,0.5864,0.43960452,0.5998382,0.55950797,0.6028566,0.4062298,0.63249433,0.6534465,0.89475435,0.3303066,0.921188,0.0,0.0,0.0,0.0,0.0,0.0,0.0,0.0,0.0,0.0,0.0,0.0,0.0,0.0,0.0,0.0,0.0,0.0,0.0,0.0
2,0.47169977,0.6562354,0.50419205,0.58788586,0.4406144,0.59648514,0.55940026,0.60346776,0.4066133,0.62271255,0.6587162,0.90239817,0.32801896,0.92536247,0.0,0.0,0.0,0.0,0.0,0.0,0.0,0.0,0.0,0.0,0.0,0.0,0.0,0.0,0.0,0.0,0.0,0.0,0.0,0.0
2,0.4751126,0.661747,0.5080232,0.59237075,0.4431877,0.5991116,0.56072855,0.60641885,0.4065103,0.6214643,0.65823054,0.90542144,0.32069734,0.93943363,0.0,0.0,0.0,0.0,0.0,0.0,0.0,0.0,0.0,0.0,0.0,0.0,0.0,0.0,0.0,0.0,0.0,0.0,0.0,0.0
2,0.48105446,0.66484225,0.51249194,0.5941575,0.4472735,0.60368264,0.56362134,0.60246074,0.40932506,0.6252708,0.65865016,0.9011722,0.3309651,0.92467976,0.0,0.0,0.0,0.0,0.0,0.0,0.0,0.0,0.0,0.0,0.0,0.0,0.0,0.0,0.0,0.0,0.0,0.0,0.0,0.0
2,0.48173437,0.66925305,0.5152464,0.5966764,0.44859973,0.60210574,0.5663382,0.6057326,0.40905365,0.61873066,0.6588775,0.910922,0.32561794,0.9357744,0.0,0.0,0.0,0.0,0.0,0.0,0.0,0.0,0.0,0.0,0.0,0.0,0.0,0.0,0.0,0.0,0.0,0.0,0.0,0.0
2,0.4866684,0.66416806,0.51881176,0.59522915,0.4538021,0.60205466,0.56811845,0.60908866,0.41406727,0.6242059,0.6589092,0.9086784,0.32279235,0.93356645,0.0,0.0,0.0,0.0,0.0,0.0,0.0,0.0,0.0,0.0,0.0,0.0,0.0,0.0,0.0,0.0,0.0,0.0,0.0,0.0
2,0.49834338,0.6657382,0.5309701,0.5974375,0.464146,0.5999505,0.5760089,0.61108595,0.41967407,0.617497,0.65576637,0.9175753,0.33783063,0.9250536,0.0,0.0,0.0,0.0,0.0,0.0,0.0,0.0,0.0,0.0,0.0,0.0,0.0,0.0,0.0,0.0,0.0,0.0,0.0,0.0
2,0.50201476,0.6658855,0.534332,0.598933,0.46784893,0.6003733,0.57683975,0.615254,0.42108473,0.6191291,0.65606296,0.91523,0.33644718,0.92148805,0.0,0.0,0.0,0.0,0.0,0.0,0.0,0.0,0.0,0.0,0.0,0.0,0.0,0.0,0.0,0.0,0.0,0.0,0.0,0.0
2,0.5054089,0.6638641,0.5362822,0.59931785,0.4703327,0.60231483,0.57704157,0.6187406,0.42292947,0.6265648,0.6571798,0.9087591,0.33367598,0.92511934,0.0,0.0,0.0,0.0,0.0,0.0,0.0,0.0,0.0,0.0,0.0,0.0,0.0,0.0,0.0,0.0,0.0,0.0,0.0,0.0
2,0.5060431,0.6612752,0.5389477,0.5979685,0.47257408,0.596688,0.58138007,0.61851573,0.4267344,0.617107,0.6590775,0.9093367,0.34385958,0.91200036,0.0,0.0,0.0,0.0,0.0,0.0,0.0,0.0,0.0,0.0,0.0,0.0,0.0,0.0,0.0,0.0,0.0,0.0,0.0,0.0
2,0.51006126,0.6626172,0.54139674,0.5998359,0.47755066,0.59854203,0.5807594,0.6198845,0.43040365,0.6168028,0.6579858,0.91912377,0.3324364,0.9282086,0.0,0.0,0.0,0.0,0.0,0.0,0.0,0.0,0.0,0.0,0.0,0.0,0.0,0.0,0.0,0.0,0.0,0.0,0.0,0.0
2,0.5108697,0.6609303,0.543991,0.60116047,0.48013124,0.5931307,0.5822913,0.6242843,0.43213362,0.6057279,0.6552826,0.9184402,0.33635706,0.9204917,0.0,0.0,0.0,0.0,0.0,0.0,0.0,0.0,0.0,0.0,0.0,0.0,0.0,0.0,0.0,0.0,0.0,0.0,0.0,0.0
2,0.5173674,0.6527535,0.5485837,0.596735,0.48616695,0.5892224,0.5831052,0.6256009,0.43560553,0.6083486,0.6536177,0.91220814,0.33717185,0.9203398,0.0,0.0,0.0,0.0,0.0,0.0,0.0,0.0,0.0,0.0,0.0,0.0,0.0,0.0,0.0,0.0,0.0,0.0,0.0,0.0
2,0.515636,0.6508772,0.5483825,0.5927571,0.48453316,0.5854421,0.5854874,0.62303793,0.43532485,0.6061263,0.65849775,0.91888994,0.33281574,0.9286481,0.0,0.0,0.0,0.0,0.0,0.0,0.0,0.0,0.0,0.0,0.0,0.0,0.0,0.0,0.0,0.0,0.0,0.0,0.0,0.0
2,0.52382386,0.6521136,0.5551084,0.5940482,0.49196663,0.5840418,0.5870154,0.62309813,0.43603855,0.6000099,0.6577762,0.91791755,0.32734758,0.92853403,0.0,0.0,0.0,0.0,0.0,0.0,0.0,0.0,0.0,0.0,0.0,0.0,0.0,0.0,0.0,0.0,0.0,0.0,0.0,0.0
2,0.52541125,0.6476463,0.5577234,0.58851355,0.4931704,0.57781136,0.5910492,0.6195157,0.43784696,0.59531313,0.658848,0.92181474,0.33494645,0.92732763,0.0,0.0,0.0,0.0,0.0,0.0,0.0,0.0,0.0,0.0,0.0,0.0,0.0,0.0,0.0,0.0,0.0,0.0,0.0,0.0
2,0.5267352,0.6521063,0.55869234,0.593837,0.4946216,0.5845505,0.59136957,0.6229507,0.43875724,0.6009445,0.6570309,0.91904306,0.3310895,0.92491597,0.0,0.0,0.0,0.0,0.0,0.0,0.0,0.0,0.0,0.0,0.0,0.0,0.0,0.0,0.0,0.0,0.0,0.0,0.0,0.0
2,0.52724755,0.6401692,0.56036586,0.5855143,0.49541712,0.5736857,0.5935184,0.6239341,0.43987924,0.59655327,0.6607903,0.91910255,0.32652768,0.9262073,0.0,0.0,0.0,0.0,0.0,0.0,0.0,0.0,0.0,0.0,0.0,0.0,0.0,0.0,0.0,0.0,0.0,0.0,0.0,0.0
2,0.5272419,0.6390447,0.5600586,0.5852292,0.4958858,0.5738356,0.5920538,0.62411183,0.4409255,0.59702563,0.65677595,0.9152874,0.3249012,0.92093724,0.0,0.0,0.0,0.0,0.0,0.0,0.0,0.0,0.0,0.0,0.0,0.0,0.0,0.0,0.0,0.0,0.0,0.0,0.0,0.0
2,0.5284418,0.63767284,0.5603708,0.5861062,0.49813318,0.5722717,0.5903137,0.6262984,0.44209123,0.5938893,0.6569692,0.91410834,0.32191566,0.9183221,0.0,0.0,0.0,0.0,0.0,0.0,0.0,0.0,0.0,0.0,0.0,0.0,0.0,0.0,0.0,0.0,0.0,0.0,0.0,0.0
2,0.5280148,0.63303703,0.5600718,0.5814383,0.49671632,0.56947654,0.59198177,0.622885,0.4418288,0.59580576,0.6587257,0.9171302,0.33456472,0.91568774,0.0,0.0,0.0,0.0,0.0,0.0,0.0,0.0,0.0,0.0,0.0,0.0,0.0,0.0,0.0,0.0,0.0,0.0,0.0,0.0
2,0.531168,0.62682176,0.56321347,0.5761084,0.4998838,0.56133145,0.5934901,0.6211571,0.44252127,0.5872203,0.65811414,0.91843057,0.32896835,0.91645354,0.0,0.0,0.0,0.0,0.0,0.0,0.0,0.0,0.0,0.0,0.0,0.0,0.0,0.0,0.0,0.0,0.0,0.0,0.0,0.0
2,0.53149784,0.6228563,0.56385577,0.5729513,0.49966127,0.55882525,0.5933033,0.6222632,0.44123173,0.58982944,0.66060925,0.91564775,0.3187801,0.93070567,0.0,0.0,0.0,0.0,0.0,0.0,0.0,0.0,0.0,0.0,0.0,0.0,0.0,0.0,0.0,0.0,0.0,0.0,0.0,0.0
2,0.53012687,0.61770314,0.5614166,0.5659276,0.4974236,0.5559506,0.59238446,0.6096216,0.44148403,0.58761317,0.6584065,0.9050743,0.33146104,0.91514605,0.0,0.0,0.0,0.0,0.0,0.0,0.0,0.0,0.0,0.0,0.0,0.0,0.0,0.0,0.0,0.0,0.0,0.0,0.0,0.0
2,0.5286648,0.6185392,0.56094944,0.5667245,0.49662963,0.5545771,0.5918467,0.6125983,0.4400641,0.5845398,0.65971935,0.9115281,0.31908566,0.92401206,0.0,0.0,0.0,0.0,0.0,0.0,0.0,0.0,0.0,0.0,0.0,0.0,0.0,0.0,0.0,0.0,0.0,0.0,0.0,0.0
2,0.5298829,0.6091258,0.5612469,0.5628206,0.49853677,0.551014,0.59118545,0.61645377,0.44318622,0.5897554,0.6603831,0.91369766,0.31943634,0.9225476,0.0,0.0,0.0,0.0,0.0,0.0,0.0,0.0,0.0,0.0,0.0,0.0,0.0,0.0,0.0,0.0,0.0,0.0,0.0,0.0
2,0.52960694,0.60670084,0.5595741,0.56019026,0.49744254,0.5504957,0.5884551,0.61312306,0.44132885,0.5918443,0.65953684,0.9105504,0.3169427,0.9268434,0.0,0.0,0.0,0.0,0.0,0.0,0.0,0.0,0.0,0.0,0.0,0.0,0.0,0.0,0.0,0.0,0.0,0.0,0.0,0.0
2,0.527861,0.6052027,0.5581737,0.55589896,0.49518913,0.54727733,0.5888311,0.6078825,0.44016638,0.58900845,0.6617396,0.91612184,0.32118145,0.93285596,0.0,0.0,0.0,0.0,0.0,0.0,0.0,0.0,0.0,0.0,0.0,0.0,0.0,0.0,0.0,0.0,0.0,0.0,0.0,0.0
2,0.52256095,0.5972587,0.55448085,0.5545745,0.49073,0.543488,0.58647156,0.6163559,0.43753257,0.5919306,0.65924275,0.9085522,0.31974497,0.92050034,0.0,0.0,0.0,0.0,0.0,0.0,0.0,0.0,0.0,0.0,0.0,0.0,0.0,0.0,0.0,0.0,0.0,0.0,0.0,0.0
2,0.52091205,0.58420974,0.55190885,0.5457848,0.48928303,0.53546023,0.5837234,0.6158498,0.43797058,0.59377426,0.6594776,0.91307545,0.31688297,0.92971635,0.0,0.0,0.0,0.0,0.0,0.0,0.0,0.0,0.0,0.0,0.0,0.0,0.0,0.0,0.0,0.0,0.0,0.0,0.0,0.0
2,0.51811993,0.5827397,0.54933137,0.545229,0.48685718,0.5357737,0.5820519,0.61651623,0.43707553,0.59638995,0.65954095,0.90684754,0.3209942,0.92834246,0.0,0.0,0.0,0.0,0.0,0.0,0.0,0.0,0.0,0.0,0.0,0.0,0.0,0.0,0.0,0.0,0.0,0.0,0.0,0.0
2,0.51710856,0.5775231,0.54836905,0.5389531,0.48492664,0.5307508,0.58123326,0.6112862,0.43391505,0.59339887,0.66105396,0.9092664,0.30733266,0.93685204,0.0,0.0,0.0,0.0,0.0,0.0,0.0,0.0,0.0,0.0,0.0,0.0,0.0,0.0,0.0,0.0,0.0,0.0,0.0,0.0
2,0.5154208,0.5762262,0.54643995,0.5364614,0.48450965,0.5269981,0.5796045,0.6048452,0.43634287,0.5852209,0.658115,0.9116059,0.3244794,0.92978626,0.0,0.0,0.0,0.0,0.0,0.0,0.0,0.0,0.0,0.0,0.0,0.0,0.0,0.0,0.0,0.0,0.0,0.0,0.0,0.0
2,0.5144914,0.5744367,0.546125,0.5359462,0.48207217,0.52695364,0.57993144,0.60948014,0.43151957,0.5908628,0.66379535,0.9138399,0.30805856,0.93687093,0.0,0.0,0.0,0.0,0.0,0.0,0.0,0.0,0.0,0.0,0.0,0.0,0.0,0.0,0.0,0.0,0.0,0.0,0.0,0.0
2,0.5141239,0.57032025,0.544973,0.53212124,0.48174372,0.5250605,0.57916343,0.6058856,0.43265814,0.59217125,0.66325104,0.9145133,0.31101495,0.9329845,0.0,0.0,0.0,0.0,0.0,0.0,0.0,0.0,0.0,0.0,0.0,0.0,0.0,0.0,0.0,0.0,0.0,0.0,0.0,0.0
2,0.5127912,0.5695294,0.54437816,0.53084195,0.48044577,0.5242027,0.5798917,0.6045151,0.43235794,0.5913694,0.65983266,0.91030645,0.3191802,0.92631346,0.0,0.0,0.0,0.0,0.0,0.0,0.0,0.0,0.0,0.0,0.0,0.0,0.0,0.0,0.0,0.0,0.0,0.0,0.0,0.0
2,0.5126796,0.5674082,0.54405105,0.5313083,0.48105073,0.5225665,0.57772446,0.6074953,0.43219748,0.58951133,0.65962297,0.9122433,0.31197062,0.93164366,0.0,0.0,0.0,0.0,0.0,0.0,0.0,0.0,0.0,0.0,0.0,0.0,0.0,0.0,0.0,0.0,0.0,0.0,0.0,0.0
2,0.51055837,0.56004184,0.5405172,0.5217394,0.4794425,0.5198488,0.57664794,0.595195,0.43616676,0.5920143,0.65841985,0.9102809,0.33146387,0.9176335,0.0,0.0,0.0,0.0,0.0,0.0,0.0,0.0,0.0,0.0,0.0,0.0,0.0,0.0,0.0,0.0,0.0,0.0,0.0,0.0
2,0.50937814,0.56079763,0.5403791,0.52204996,0.4773667,0.51865023,0.5766211,0.5978664,0.43114296,0.59098154,0.6635445,0.90710574,0.31015563,0.93894017,0.0,0.0,0.0,0.0,0.0,0.0,0.0,0.0,0.0,0.0,0.0,0.0,0.0,0.0,0.0,0.0,0.0,0.0,0.0,0.0
2,0.5065466,0.5570842,0.53822094,0.52210987,0.4762602,0.51989883,0.57655513,0.59877,0.43477607,0.59325796,0.6547664,0.9047754,0.3234292,0.91400164,0.0,0.0,0.0,0.0,0.0,0.0,0.0,0.0,0.0,0.0,0.0,0.0,0.0,0.0,0.0,0.0,0.0,0.0,0.0,0.0
2,0.5073936,0.5535194,0.5391394,0.52062166,0.47550178,0.5177768,0.5765387,0.60394806,0.43142286,0.5982204,0.6570579,0.9089384,0.32360646,0.9175043,0.0,0.0,0.0,0.0,0.0,0.0,0.0,0.0,0.0,0.0,0.0,0.0,0.0,0.0,0.0,0.0,0.0,0.0,0.0,0.0
2,0.5039709,0.5603548,0.5350512,0.52550584,0.47323018,0.5241052,0.57345474,0.60410535,0.43181616,0.6010742,0.65607816,0.90896565,0.32519063,0.92730254,0.0,0.0,0.0,0.0,0.0,0.0,0.0,0.0,0.0,0.0,0.0,0.0,0.0,0.0,0.0,0.0,0.0,0.0,0.0,0.0
2,0.49726883,0.5536907,0.5297607,0.52264,0.4665041,0.5225902,0.5701692,0.6102456,0.4258253,0.6087978,0.6529678,0.905835,0.32409033,0.92148155,0.0,0.0,0.0,0.0,0.0,0.0,0.0,0.0,0.0,0.0,0.0,0.0,0.0,0.0,0.0,0.0,0.0,0.0,0.0,0.0
2,0.48650733,0.55757505,0.51905507,0.52047575,0.45696992,0.5244881,0.56484973,0.60078365,0.41961592,0.6074432,0.65687525,0.90026695,0.3138125,0.9335479,0.0,0.0,0.0,0.0,0.0,0.0,0.0,0.0,0.0,0.0,0.0,0.0,0.0,0.0,0.0,0.0,0.0,0.0,0.0,0.0
2,0.4861916,0.5574306,0.51910925,0.5216611,0.45548505,0.5262979,0.5641036,0.60356665,0.41734257,0.6113776,0.6507473,0.9057776,0.3144982,0.9301509,0.0,0.0,0.0,0.0,0.0,0.0,0.0,0.0,0.0,0.0,0.0,0.0,0.0,0.0,0.0,0.0,0.0,0.0,0.0,0.0
2,0.488558,0.57446295,0.5196742,0.52981794,0.45759034,0.53474677,0.56385267,0.59626,0.41914338,0.6069714,0.65643394,0.9066351,0.32203016,0.93207604,0.0,0.0,0.0,0.0,0.0,0.0,0.0,0.0,0.0,0.0,0.0,0.0,0.0,0.0,0.0,0.0,0.0,0.0,0.0,0.0
2,0.48971033,0.58509606,0.521696,0.5395285,0.45922226,0.54383713,0.5673994,0.6049516,0.4209074,0.61366075,0.65856713,0.9157306,0.3136602,0.94105065,0.0,0.0,0.0,0.0,0.0,0.0,0.0,0.0,0.0,0.0,0.0,0.0,0.0,0.0,0.0,0.0,0.0,0.0,0.0,0.0
2,0.48864618,0.58822894,0.5204778,0.5413922,0.45737433,0.5450319,0.5657619,0.60333914,0.4181715,0.6113128,0.65883994,0.9087569,0.32126886,0.930389,0.0,0.0,0.0,0.0,0.0,0.0,0.0,0.0,0.0,0.0,0.0,0.0,0.0,0.0,0.0,0.0,0.0,0.0,0.0,0.0
2,0.48925838,0.5903892,0.5209571,0.5452813,0.4585229,0.5528483,0.56773794,0.6069397,0.42167464,0.621438,0.6531359,0.90259165,0.31966895,0.9300959,0.0,0.0,0.0,0.0,0.0,0.0,0.0,0.0,0.0,0.0,0.0,0.0,0.0,0.0,0.0,0.0,0.0,0.0,0.0,0.0
2,0.4880225,0.5992026,0.51979446,0.5483406,0.4579211,0.55299395,0.56723756,0.6022426,0.42117304,0.61168754,0.6580713,0.9063867,0.3250241,0.9291679,0.0,0.0,0.0,0.0,0.0,0.0,0.0,0.0,0.0,0.0,0.0,0.0,0.0,0.0,0.0,0.0,0.0,0.0,0.0,0.0
2,0.48920813,0.6025166,0.52077067,0.55098426,0.45847958,0.55568224,0.5670841,0.60319144,0.42062587,0.6135726,0.6604639,0.9125976,0.32340452,0.93343157,0.0,0.0,0.0,0.0,0.0,0.0,0.0,0.0,0.0,0.0,0.0,0.0,0.0,0.0,0.0,0.0,0.0,0.0,0.0,0.0
2,0.48799628,0.60057366,0.5195955,0.54923344,0.4571693,0.5546735,0.5665678,0.6022586,0.419799,0.61390984,0.65921426,0.9093556,0.32604206,0.9324212,0.0,0.0,0.0,0.0,0.0,0.0,0.0,0.0,0.0,0.0,0.0,0.0,0.0,0.0,0.0,0.0,0.0,0.0,0.0,0.0
2,0.48797664,0.6021345,0.52012765,0.55158556,0.45839667,0.55628836,0.5683455,0.6055715,0.4220912,0.6148144,0.6592059,0.9090898,0.32483047,0.92971903,0.0,0.0,0.0,0.0,0.0,0.0,0.0,0.0,0.0,0.0,0.0,0.0,0.0,0.0,0.0,0.0,0.0,0.0,0.0,0.0
2,0.48830357,0.6068944,0.52031994,0.5535568,0.45777664,0.5578191,0.56773984,0.6035574,0.42011628,0.61247486,0.6591866,0.9123001,0.32333034,0.9350157,0.0,0.0,0.0,0.0,0.0,0.0,0.0,0.0,0.0,0.0,0.0,0.0,0.0,0.0,0.0,0.0,0.0,0.0,0.0,0.0
2,0.4888483,0.60747445,0.5217933,0.5564377,0.45800343,0.5600258,0.5691821,0.60887325,0.41891354,0.61540246,0.6577056,0.90280896,0.3162771,0.9382704,0.0,0.0,0.0,0.0,0.0,0.0,0.0,0.0,0.0,0.0,0.0,0.0,0.0,0.0,0.0,0.0,0.0,0.0,0.0,0.0
2,0.48829898,0.6097993,0.5206202,0.5579392,0.4582922,0.5603136,0.5678445,0.60998315,0.42060184,0.614526,0.66040814,0.9139901,0.3244217,0.9347875,0.0,0.0,0.0,0.0,0.0,0.0,0.0,0.0,0.0,0.0,0.0,0.0,0.0,0.0,0.0,0.0,0.0,0.0,0.0,0.0
2,0.49007416,0.6151191,0.52231836,0.56199384,0.4594862,0.566269,0.56847864,0.6066669,0.42146558,0.6146352,0.6536874,0.90295935,0.32582703,0.9244848,0.0,0.0,0.0,0.0,0.0,0.0,0.0,0.0,0.0,0.0,0.0,0.0,0.0,0.0,0.0,0.0,0.0,0.0,0.0,0.0
2,0.49068823,0.61926675,0.5228363,0.56482774,0.45997816,0.569329,0.570043,0.6046797,0.42197567,0.6142997,0.6564291,0.8999985,0.3298471,0.91814584,0.0,0.0,0.0,0.0,0.0,0.0,0.0,0.0,0.0,0.0,0.0,0.0,0.0,0.0,0.0,0.0,0.0,0.0,0.0,0.0
2,0.49072987,0.62264043,0.5228909,0.56699336,0.45911652,0.57132095,0.57013154,0.61022425,0.41957435,0.6191886,0.6611185,0.91165125,0.31580493,0.93937576,0.0,0.0,0.0,0.0,0.0,0.0,0.0,0.0,0.0,0.0,0.0,0.0,0.0,0.0,0.0,0.0,0.0,0.0,0.0,0.0
2,0.49189773,0.62822187,0.52461016,0.571525,0.46024752,0.5743399,0.57178146,0.6098033,0.42049965,0.615495,0.6574037,0.9060838,0.32612512,0.92262715,0.0,0.0,0.0,0.0,0.0,0.0,0.0,0.0,0.0,0.0,0.0,0.0,0.0,0.0,0.0,0.0,0.0,0.0,0.0,0.0
2,0.48989487,0.63277614,0.5231212,0.57087207,0.45783535,0.5735671,0.5717087,0.60446334,0.41789237,0.6107102,0.66038525,0.91537714,0.33029783,0.9283733,0.0,0.0,0.0,0.0,0.0,0.0,0.0,0.0,0.0,0.0,0.0,0.0,0.0,0.0,0.0,0.0,0.0,0.0,0.0,0.0
2,0.49076754,0.6352946,0.52288926,0.5764607,0.45967856,0.58087856,0.5710515,0.6093072,0.42146987,0.61901385,0.6580941,0.9023024,0.33049685,0.9221682,0.0,0.0,0.0,0.0,0.0,0.0,0.0,0.0,0.0,0.0,0.0,0.0,0.0,0.0,0.0,0.0,0.0,0.0,0.0,0.0
2,0.4924864,0.6357366,0.5258515,0.57640195,0.46042234,0.57696944,0.57175267,0.61098427,0.4186797,0.6120577,0.6595262,0.9093503,0.32480535,0.9305291,0.0,0.0,0.0,0.0,0.0,0.0,0.0,0.0,0.0,0.0,0.0,0.0,0.0,0.0,0.0,0.0,0.0,0.0,0.0,0.0
2,0.49203324,0.64221203,0.5244566,0.5823595,0.4605053,0.5849459,0.57125986,0.6124742,0.42081252,0.61809194,0.65905327,0.906406,0.3288836,0.92738175,0.0,0.0,0.0,0.0,0.0,0.0,0.0,0.0,0.0,0.0,0.0,0.0,0.0,0.0,0.0,0.0,0.0,0.0,0.0,0.0
2,0.49432555,0.65105736,0.52670276,0.58721185,0.46250844,0.59017426,0.5726985,0.6102233,0.42146397,0.61581427,0.6591612,0.9111491,0.3206657,0.9335126,0.0,0.0,0.0,0.0,0.0,0.0,0.0,0.0,0.0,0.0,0.0,0.0,0.0,0.0,0.0,0.0,0.0,0.0,0.0,0.0
2,0.49314517,0.6563186,0.52612287,0.59161496,0.4611246,0.59442616,0.5740751,0.61280096,0.421311,0.6188847,0.65765953,0.906447,0.33541554,0.924066,0.0,0.0,0.0,0.0,0.0,0.0,0.0,0.0,0.0,0.0,0.0,0.0,0.0,0.0,0.0,0.0,0.0,0.0,0.0,0.0
2,0.49647102,0.6569313,0.5283755,0.591419,0.4630118,0.5966673,0.5740253,0.612204,0.42046762,0.6237759,0.6565261,0.9147644,0.33235452,0.93353677,0.0,0.0,0.0,0.0,0.0,0.0,0.0,0.0,0.0,0.0,0.0,0.0,0.0,0.0,0.0,0.0,0.0,0.0,0.0,0.0
2,0.4950344,0.66154486,0.52737427,0.5947265,0.46115083,0.59933835,0.57454264,0.61082226,0.41923556,0.62228197,0.6604643,0.904175,0.3372001,0.9165127,0.0,0.0,0.0,0.0,0.0,0.0,0.0,0.0,0.0,0.0,0.0,0.0,0.0,0.0,0.0,0.0,0.0,0.0,0.0,0.0
2,0.49721488,0.6632609,0.5293322,0.5961283,0.46377724,0.5989862,0.5738081,0.6131254,0.4197983,0.61975956,0.6588849,0.9198059,0.32725483,0.9391169,0.0,0.0,0.0,0.0,0.0,0.0,0.0,0.0,0.0,0.0,0.0,0.0,0.0,0.0,0.0,0.0,0.0,0.0,0.0,0.0
2,0.4993028,0.6703304,0.53146154,0.6012882,0.46582446,0.60334015,0.57566774,0.61266094,0.42142063,0.61770976,0.65903264,0.9192619,0.33222017,0.933068,0.0,0.0,0.0,0.0,0.0,0.0,0.0,0.0,0.0,0.0,0.0,0.0,0.0,0.0,0.0,0.0,0.0,0.0,0.0,0.0
2,0.49778032,0.6753804,0.53101736,0.6059998,0.46392012,0.607331,0.5763992,0.61573696,0.41990536,0.61980164,0.6594448,0.9129231,0.33727238,0.92251974,0.0,0.0,0.0,0.0,0.0,0.0,0.0,0.0,0.0,0.0,0.0,0.0,0.0,0.0,0.0,0.0,0.0,0.0,0.0,0.0
2,0.49920946,0.6773905,0.5306827,0.60843223,0.46516937,0.61191213,0.57482827,0.6171463,0.42073864,0.6261181,0.6560674,0.91822326,0.34002703,0.9259339,0.0,0.0,0.0,0.0,0.0,0.0,0.0,0.0,0.0,0.0,0.0,0.0,0.0,0.0,0.0,0.0,0.0,0.0,0.0,0.0
2,0.49849743,0.68589365,0.5306603,0.6134268,0.4643963,0.61678797,0.5755247,0.6153573,0.419743,0.6231984,0.6569451,0.91804403,0.33625108,0.9337514,0.0,0.0,0.0,0.0,0.0,0.0,0.0,0.0,0.0,0.0,0.0,0.0,0.0,0.0,0.0,0.0,0.0,0.0,0.0,0.0
2,0.4966275,0.69094473,0.5293312,0.6177264,0.46324578,0.6213025,0.5765707,0.61820346,0.42024618,0.62619555,0.6598743,0.9242815,0.33130854,0.9352139,0.0,0.0,0.0,0.0,0.0,0.0,0.0,0.0,0.0,0.0,0.0,0.0,0.0,0.0,0.0,0.0,0.0,0.0,0.0,0.0
2,0.49982277,0.699293,0.53233093,0.6251474,0.46602148,0.62664145,0.5772423,0.61848634,0.42078924,0.62234384,0.6579062,0.9201454,0.3398681,0.925566,0.0,0.0,0.0,0.0,0.0,0.0,0.0,0.0,0.0,0.0,0.0,0.0,0.0,0.0,0.0,0.0,0.0,0.0,0.0,0.0
2,0.50142264,0.7028512,0.53324616,0.63003856,0.46771264,0.63082236,0.57555664,0.6240611,0.42050228,0.62549925,0.6567579,0.913276,0.3333127,0.93168503,0.0,0.0,0.0,0.0,0.0,0.0,0.0,0.0,0.0,0.0,0.0,0.0,0.0,0.0,0.0,0.0,0.0,0.0,0.0,0.0
2,0.5011158,0.70739067,0.5344417,0.6339147,0.46728748,0.63267493,0.57754904,0.62790555,0.41873676,0.62427926,0.65448034,0.9195008,0.32969242,0.9317948,0.0,0.0,0.0,0.0,0.0,0.0,0.0,0.0,0.0,0.0,0.0,0.0,0.0,0.0,0.0,0.0,0.0,0.0,0.0,0.0
2,0.49961695,0.7076534,0.5327155,0.63112843,0.4655059,0.63563645,0.5816111,0.6197624,0.42250553,0.6298625,0.6604184,0.9154831,0.3429257,0.91543514,0.0,0.0,0.0,0.0,0.0,0.0,0.0,0.0,0.0,0.0,0.0,0.0,0.0,0.0,0.0,0.0,0.0,0.0,0.0,0.0
2,0.501573,0.71180004,0.5338838,0.63574827,0.46719518,0.6384588,0.5785475,0.6218572,0.42095047,0.6277744,0.65800226,0.9135547,0.3370633,0.92125225,0.0,0.0,0.0,0.0,0.0,0.0,0.0,0.0,0.0,0.0,0.0,0.0,0.0,0.0,0.0,0.0,0.0,0.0,0.0,0.0
2,0.4991978,0.7100842,0.533553,0.635186,0.46514493,0.6343595,0.5792681,0.6282148,0.41848612,0.62621444,0.65683,0.92289245,0.33803242,0.9227578,0.0,0.0,0.0,0.0,0.0,0.0,0.0,0.0,0.0,0.0,0.0,0.0,0.0,0.0,0.0,0.0,0.0,0.0,0.0,0.0
2,0.5013895,0.7129675,0.5342003,0.6369012,0.46637812,0.6398831,0.5793325,0.62385,0.4200623,0.63090014,0.6582962,0.91048187,0.33725947,0.91796553,0.0,0.0,0.0,0.0,0.0,0.0,0.0,0.0,0.0,0.0,0.0,0.0,0.0,0.0,0.0,0.0,0.0,0.0,0.0,0.0
2,0.50089335,0.7167729,0.53378475,0.63997394,0.46645412,0.64298475,0.579766,0.62414277,0.4209024,0.63082665,0.6590651,0.91894615,0.33870602,0.9292679,0.0,0.0,0.0,0.0,0.0,0.0,0.0,0.0,0.0,0.0,0.0,0.0,0.0,0.0,0.0,0.0,0.0,0.0,0.0,0.0
2,0.50184673,0.71965367,0.5348217,0.63956344,0.46490192,0.64452946,0.5808988,0.6256421,0.415984,0.6367883,0.6639222,0.92717546,0.33061206,0.9347034,0.0,0.0,0.0,0.0,0.0,0.0,0.0,0.0,0.0,0.0,0.0,0.0,0.0,0.0,0.0,0.0,0.0,0.0,0.0,0.0
2,0.499446,0.7171763,0.5322708,0.64060265,0.4649826,0.6430188,0.57873094,0.63352966,0.4188687,0.63750875,0.6588443,0.9280711,0.3306517,0.93635285,0.0,0.0,0.0,0.0,0.0,0.0,0.0,0.0,0.0,0.0,0.0,0.0,0.0,0.0,0.0,0.0,0.0,0.0,0.0,0.0
2,0.50019133,0.7226422,0.53359544,0.64722157,0.465667,0.64756536,0.5789529,0.6312734,0.41847354,0.6319,0.6568583,0.916834,0.33888608,0.9201959,0.0,0.0,0.0,0.0,0.0,0.0,0.0,0.0,0.0,0.0,0.0,0.0,0.0,0.0,0.0,0.0,0.0,0.0,0.0,0.0
2,0.49915332,0.7280525,0.5328491,0.6499167,0.46392483,0.6528162,0.57959783,0.63264525,0.41697222,0.6389802,0.65826803,0.9233561,0.33376658,0.9279496,0.0,0.0,0.0,0.0,0.0,0.0,0.0,0.0,0.0,0.0,0.0,0.0,0.0,0.0,0.0,0.0,0.0,0.0,0.0,0.0
2,0.5005911,0.7285602,0.5337235,0.6514561,0.46538654,0.65514874,0.5801189,0.63354915,0.41901976,0.64267355,0.65940356,0.92190045,0.3382978,0.920891,0.0,0.0,0.0,0.0,0.0,0.0,0.0,0.0,0.0,0.0,0.0,0.0,0.0,0.0,0.0,0.0,0.0,0.0,0.0,0.0
2,0.50297034,0.7300594,0.53456366,0.6524307,0.46755853,0.65691423,0.57871056,0.63276565,0.41999206,0.64296377,0.6568951,0.9215209,0.33793545,0.92822504,0.0,0.0,0.0,0.0,0.0,0.0,0.0,0.0,0.0,0.0,0.0,0.0,0.0,0.0,0.0,0.0,0.0,0.0,0.0,0.0
2,0.50230277,0.73360497,0.53484267,0.6552428,0.4660148,0.6602549,0.5800742,0.637859,0.4175055,0.64913887,0.6591922,0.9290771,0.33066162,0.9375275,0.0,0.0,0.0,0.0,0.0,0.0,0.0,0.0,0.0,0.0,0.0,0.0,0.0,0.0,0.0,0.0,0.0,0.0,0.0,0.0
2,0.49914256,0.7262332,0.5318687,0.65193075,0.4654087,0.6553578,0.5785836,0.63902444,0.42142433,0.6466174,0.6568395,0.92373604,0.34261173,0.92067116,0.0,0.0,0.0,0.0,0.0,0.0,0.0,0.0,0.0,0.0,0.0,0.0,0.0,0.0,0.0,0.0,0.0,0.0,0.0,0.0
2,0.50276005,0.7361894,0.53422034,0.65971833,0.46688026,0.66250646,0.5766838,0.6454171,0.41586304,0.6509081,0.65718716,0.9285836,0.32560316,0.93639857,0.0,0.0,0.0,0.0,0.0,0.0,0.0,0.0,0.0,0.0,0.0,0.0,0.0,0.0,0.0,0.0,0.0,0.0,0.0,0.0
2,0.50066155,0.73987776,0.5324648,0.6669364,0.46721068,0.6711871,0.57900506,0.64357495,0.42397204,0.6529469,0.6552371,0.9056917,0.34904817,0.9075026,0.0,0.0,0.0,0.0,0.0,0.0,0.0,0.0,0.0,0.0,0.0,0.0,0.0,0.0,0.0,0.0,0.0,0.0,0.0,0.0
2,0.49819192,0.7503026,0.53009725,0.67446935,0.46556616,0.67792314,0.577243,0.6376709,0.42411026,0.64467734,0.65219414,0.9066208,0.34239784,0.91050035,0.0,0.0,0.0,0.0,0.0,0.0,0.0,0.0,0.0,0.0,0.0,0.0,0.0,0.0,0.0,0.0,0.0,0.0,0.0,0.0
2,0.500392,0.7494338,0.5319866,0.6682701,0.46470279,0.6754403,0.5795827,0.6315514,0.41964453,0.64783204,0.660589,0.92305773,0.3341202,0.9231865,0.0,0.0,0.0,0.0,0.0,0.0,0.0,0.0,0.0,0.0,0.0,0.0,0.0,0.0,0.0,0.0,0.0,0.0,0.0,0.0
2,0.5011218,0.74792105,0.5337318,0.66979384,0.4660634,0.6734546,0.5793345,0.6408372,0.41864935,0.6492752,0.66000754,0.92314786,0.33178994,0.9278669,0.0,0.0,0.0,0.0,0.0,0.0,0.0,0.0,0.0,0.0,0.0,0.0,0.0,0.0,0.0,0.0,0.0,0.0,0.0,0.0
2,0.5000881,0.74610275,0.53130454,0.66641515,0.4645675,0.673869,0.57865036,0.63686424,0.42014608,0.6543139,0.660413,0.9256453,0.34025002,0.9288306,0.0,0.0,0.0,0.0,0.0,0.0,0.0,0.0,0.0,0.0,0.0,0.0,0.0,0.0,0.0,0.0,0.0,0.0,0.0,0.0
2,0.5002027,0.74159485,0.5319413,0.6638151,0.46590352,0.66773754,0.57823336,0.6381513,0.42050442,0.64618194,0.6592498,0.92210746,0.3342591,0.92859435,0.0,0.0,0.0,0.0,0.0,0.0,0.0,0.0,0.0,0.0,0.0,0.0,0.0,0.0,0.0,0.0,0.0,0.0,0.0,0.0
2,0.50160694,0.74129987,0.53368837,0.6650887,0.466731,0.6699291,0.5782233,0.6445523,0.41974434,0.6547222,0.65549976,0.92257255,0.3313312,0.93440986,0.0,0.0,0.0,0.0,0.0,0.0,0.0,0.0,0.0,0.0,0.0,0.0,0.0,0.0,0.0,0.0,0.0,0.0,0.0,0.0
2,0.49737555,0.74555403,0.53037566,0.6662415,0.4635354,0.6709202,0.5798972,0.63577116,0.420745,0.6448966,0.66109395,0.9280408,0.33203906,0.93449545,0.0,0.0,0.0,0.0,0.0,0.0,0.0,0.0,0.0,0.0,0.0,0.0,0.0,0.0,0.0,0.0,0.0,0.0,0.0,0.0
2,0.4975118,0.7404928,0.5309846,0.66500276,0.4645191,0.66725516,0.5781682,0.64326316,0.42077884,0.64764374,0.657355,0.9237147,0.33671185,0.92305374,0.0,0.0,0.0,0.0,0.0,0.0,0.0,0.0,0.0,0.0,0.0,0.0,0.0,0.0,0.0,0.0,0.0,0.0,0.0,0.0
2,0.50003356,0.7274075,0.5318395,0.6498436,0.46528134,0.65517,0.57848203,0.6314268,0.42041454,0.64355636,0.6604574,0.92321295,0.3377927,0.92709386,0.0,0.0,0.0,0.0,0.0,0.0,0.0,0.0,0.0,0.0,0.0,0.0,0.0,0.0,0.0,0.0,0.0,0.0,0.0,0.0
2,0.49727178,0.70107436,0.53022027,0.6304376,0.4640425,0.63086635,0.5758999,0.6279783,0.4201122,0.62966603,0.6552841,0.9128319,0.34659618,0.913629,0.0,0.0,0.0,0.0,0.0,0.0,0.0,0.0,0.0,0.0,0.0,0.0,0.0,0.0,0.0,0.0,0.0,0.0,0.0,0.0
2,0.49631482,0.69408697,0.52978456,0.6196143,0.46291098,0.62102765,0.57555443,0.6144976,0.41850314,0.6179056,0.6578549,0.9141251,0.32974443,0.9263828,0.0,0.0,0.0,0.0,0.0,0.0,0.0,0.0,0.0,0.0,0.0,0.0,0.0,0.0,0.0,0.0,0.0,0.0,0.0,0.0
2,0.4940551,0.6955636,0.52812517,0.6224229,0.46105614,0.62357306,0.57626295,0.62099785,0.41840753,0.6237154,0.6593356,0.9117406,0.33381635,0.92244095,0.0,0.0,0.0,0.0,0.0,0.0,0.0,0.0,0.0,0.0,0.0,0.0,0.0,0.0,0.0,0.0,0.0,0.0,0.0,0.0
2,0.49583936,0.69199973,0.5281033,0.6191387,0.46308225,0.62102765,0.57397413,0.61845523,0.42037052,0.62275594,0.6579579,0.91887224,0.3368829,0.9372766,0.0,0.0,0.0,0.0,0.0,0.0,0.0,0.0,0.0,0.0,0.0,0.0,0.0,0.0,0.0,0.0,0.0,0.0,0.0,0.0
2,0.49714985,0.69172585,0.52919084,0.61750257,0.46389475,0.6196495,0.5747637,0.6163278,0.42006174,0.6209879,0.6594872,0.92664117,0.33343473,0.93360424,0.0,0.0,0.0,0.0,0.0,0.0,0.0,0.0,0.0,0.0,0.0,0.0,0.0,0.0,0.0,0.0,0.0,0.0,0.0,0.0
2,0.49250156,0.67238784,0.5249748,0.6037056,0.46052393,0.60683876,0.57290083,0.6141314,0.42015696,0.621218,0.6597123,0.916636,0.33589584,0.9231487,0.0,0.0,0.0,0.0,0.0,0.0,0.0,0.0,0.0,0.0,0.0,0.0,0.0,0.0,0.0,0.0,0.0,0.0,0.0,0.0
2,0.49337715,0.6678203,0.5272922,0.60122484,0.4612494,0.60138685,0.57460564,0.61920166,0.41917437,0.6193,0.65741384,0.91920733,0.3326846,0.9333869,0.0,0.0,0.0,0.0,0.0,0.0,0.0,0.0,0.0,0.0,0.0,0.0,0.0,0.0,0.0,0.0,0.0,0.0,0.0,0.0
2,0.49225068,0.66585493,0.5252687,0.5975963,0.45982185,0.59962624,0.5723877,0.6110431,0.41804028,0.6162829,0.6597963,0.912076,0.3344136,0.9248563,0.0,0.0,0.0,0.0,0.0,0.0,0.0,0.0,0.0,0.0,0.0,0.0,0.0,0.0,0.0,0.0,0.0,0.0,0.0,0.0
2,0.4900855,0.64762664,0.52253854,0.58385444,0.45854598,0.5866414,0.57109594,0.603761,0.42094183,0.6116106,0.657607,0.9048817,0.34810546,0.9084227,0.0,0.0,0.0,0.0,0.0,0.0,0.0,0.0,0.0,0.0,0.0,0.0,0.0,0.0,0.0,0.0,0.0,0.0,0.0,0.0
2,0.48987538,0.6409745,0.5232476,0.57812566,0.45895442,0.57913464,0.5712071,0.6062243,0.4192391,0.60771143,0.6596222,0.9081833,0.32383624,0.9305815,0.0,0.0,0.0,0.0,0.0,0.0,0.0,0.0,0.0,0.0,0.0,0.0,0.0,0.0,0.0,0.0,0.0,0.0,0.0,0.0
2,0.48971343,0.6150035,0.5227648,0.56130785,0.45864835,0.5639024,0.56990445,0.6076583,0.4190343,0.61241746,0.66007674,0.9066248,0.3175817,0.93068135,0.0,0.0,0.0,0.0,0.0,0.0,0.0,0.0,0.0,0.0,0.0,0.0,0.0,0.0,0.0,0.0,0.0,0.0,0.0,0.0
1,0.57745636,0.60911995,0.58208805,0.55846745,0.54157394,0.5613381,0.0,0.0,0.4523948,0.6013416,0.65078413,0.8926963,0.327986,0.9122708,0.0,0.0,0.0,0.0,0.0,0.0,0.0,0.0,0.0,0.0,0.0,0.0,0.0,0.0,0.0,0.0,0.0,0.0,0.0,0.0
1,0.57833576,0.6051072,0.5833553,0.5555755,0.5431347,0.55730546,0.0,0.0,0.4537918,0.59798485,0.64951533,0.8926922,0.32427448,0.91573614,0.0,0.0,0.0,0.0,0.0,0.0,0.0,0.0,0.0,0.0,0.0,0.0,0.0,0.0,0.0,0.0,0.0,0.0,0.0,0.0
1,0.5814456,0.60442054,0.5856415,0.553686,0.5468935,0.55402863,0.0,0.0,0.45522875,0.5919888,0.6511289,0.898213,0.31908983,0.92702544,0.0,0.0,0.0,0.0,0.0,0.0,0.0,0.0,0.0,0.0,0.0,0.0,0.0,0.0,0.0,0.0,0.0,0.0,0.0,0.0
1,0.58223295,0.5924233,0.5844892,0.5461927,0.546685,0.54532826,0.0,0.0,0.4546183,0.5948107,0.6504117,0.9009892,0.32776526,0.91914934,0.0,0.0,0.0,0.0,0.0,0.0,0.0,0.0,0.0,0.0,0.0,0.0,0.0,0.0,0.0,0.0,0.0,0.0,0.0,0.0
1,0.58329153,0.5903095,0.58483726,0.54463255,0.54808754,0.54570454,0.0,0.0,0.45780286,0.59688735,0.6533967,0.90157,0.32612616,0.92094046,0.0,0.0,0.0,0.0,0.0,0.0,0.0,0.0,0.0,0.0,0.0,0.0,0.0,0.0,0.0,0.0,0.0,0.0,0.0,0.0
1,0.5803472,0.58615637,0.5841988,0.54250914,0.54619795,0.54049504,0.0,0.0,0.458683,0.59089684,0.65286016,0.9040551,0.32343805,0.92387104,0.0,0.0,0.0,0.0,0.0,0.0,0.0,0.0,0.0,0.0,0.0,0.0,0.0,0.0,0.0,0.0,0.0,0.0,0.0,0.0
1,0.58183825,0.5818604,0.5834118,0.5409722,0.5458854,0.54038835,0.0,0.0,0.45627055,0.6001995,0.6502356,0.9047496,0.32883883,0.9178768,0.0,0.0,0.0,0.0,0.0,0.0,0.0,0.0,0.0,0.0,0.0,0.0,0.0,0.0,0.0,0.0,0.0,0.0,0.0,0.0
1,0.5740409,0.5609336,0.573643,0.52355057,0.53608763,0.5281523,0.0,0.0,0.45092544,0.60613894,0.6509901,0.9003848,0.32394886,0.9241504,0.0,0.0,0.0,0.0,0.0,0.0,0.0,0.0,0.0,0.0,0.0,0.0,0.0,0.0,0.0,0.0,0.0,0.0,0.0,0.0
1,0.5728699,0.56325805,0.57168263,0.52662396,0.5369793,0.5282813,0.0,0.0,0.45124945,0.59891146,0.6471103,0.8952974,0.33356628,0.9136516,0.0,0.0,0.0,0.0,0.0,0.0,0.0,0.0,0.0,0.0,0.0,0.0,0.0,0.0,0.0,0.0,0.0,0.0,0.0,0.0
1,0.5724471,0.5564459,0.5709547,0.51963097,0.536132,0.5214533,0.0,0.0,0.45004869,0.5942271,0.64723164,0.89570904,0.33010283,0.91493326,0.0,0.0,0.0,0.0,0.0,0.0,0.0,0.0,0.0,0.0,0.0,0.0,0.0,0.0,0.0,0.0,0.0,0.0,0.0,0.0
1,0.56195885,0.5479421,0.5614089,0.5095612,0.52392215,0.5162487,0.0,0.0,0.44270128,0.5982439,0.6512468,0.89807254,0.3276276,0.92322564,0.0,0.0,0.0,0.0,0.0,0.0,0.0,0.0,0.0,0.0,0.0,0.0,0.0,0.0,0.0,0.0,0.0,0.0,0.0,0.0
1,0.56173,0.54575914,0.56203014,0.50984097,0.5245522,0.51690215,0.0,0.0,0.44670305,0.6024419,0.64962465,0.8977507,0.33327252,0.91446,0.0,0.0,0.0,0.0,0.0,0.0,0.0,0.0,0.0,0.0,0.0,0.0,0.0,0.0,0.0,0.0,0.0,0.0,0.0,0.0
1,0.5619774,0.5474235,0.56185544,0.51138794,0.52385956,0.5166687,0.0,0.0,0.44368142,0.59996676,0.6526037,0.896336,0.32950425,0.91916436,0.0,0.0,0.0,0.0,0.0,0.0,0.0,0.0,0.0,0.0,0.0,0.0,0.0,0.0,0.0,0.0,0.0,0.0,0.0,0.0
1,0.5612948,0.5496821,0.560871,0.5146047,0.52287316,0.519031,0.0,0.0,0.44312912,0.6006616,0.6507884,0.8961341,0.3398426,0.9045057,0.0,0.0,0.0,0.0,0.0,0.0,0.0,0.0,0.0,0.0,0.0,0.0,0.0,0.0,0.0,0.0,0.0,0.0,0.0,0.0
1,0.57473385,0.56789654,0.5740047,0.53114355,0.5378013,0.53236574,0.0,0.0,0.4509233,0.6036065,0.6482007,0.9006283,0.33061367,0.9141722,0.0,0.0,0.0,0.0,0.0,0.0,0.0,0.0,0.0,0.0,0.0,0.0,0.0,0.0,0.0,0.0,0.0,0.0,0.0,0.0
1,0.57755274,0.5740938,0.57650214,0.5353224,0.54141676,0.5371622,0.0,0.0,0.45251074,0.6040043,0.64968467,0.8977724,0.32913998,0.9153025,0.0,0.0,0.0,0.0,0.0,0.0,0.0,0.0,0.0,0.0,0.0,0.0,0.0,0.0,0.0,0.0,0.0,0.0,0.0,0.0
1,0.5818499,0.5835602,0.58092207,0.54241556,0.54700863,0.5433428,0.0,0.0,0.45609307,0.6015247,0.64422446,0.8985993,0.3231148,0.9209553,0.0,0.0,0.0,0.0,0.0,0.0,0.0,0.0,0.0,0.0,0.0,0.0,0.0,0.0,0.0,0.0,0.0,0.0,0.0,0.0
1,0.58607864,0.59405655,0.5859133,0.55030406,0.55221176,0.5499289,0.0,0.0,0.45973524,0.600767,0.64890635,0.899365,0.32277474,0.9209328,0.0,0.0,0.0,0.0,0.0,0.0,0.0,0.0,0.0,0.0,0.0,0.0,0.0,0.0,0.0,0.0,0.0,0.0,0.0,0.0
1,0.590384,0.5992134,0.5893246,0.5541841,0.554999,0.5546571,0.0,0.0,0.45868197,0.60420394,0.6474995,0.89870197,0.32990128,0.9189775,0.0,0.0,0.0,0.0,0.0,0.0,0.0,0.0,0.0,0.0,0.0,0.0,0.0,0.0,0.0,0.0,0.0,0.0,0.0,0.0
1,0.59427464,0.62626487,0.5957433,0.57403356,0.56072104,0.57759917,0.0,0.0,0.46733528,0.6111059,0.6489393,0.8988991,0.3276706,0.92522043,0.0,0.0,0.0,0.0,0.0,0.0,0.0,0.0,0.0,0.0,0.0,0.0,0.0,0.0,0.0,0.0,0.0,0.0,0.0,0.0
1,0.5950204,0.6288592,0.59692746,0.5766349,0.56241643,0.57939154,0.0,0.0,0.46904802,0.60862726,0.64640737,0.89529014,0.3215968,0.9288402,0.0,0.0,0.0,0.0,0.0,0.0,0.0,0.0,0.0,0.0,0.0,0.0,0.0,0.0,0.0,0.0,0.0,0.0,0.0,0.0
1,0.5967573,0.63344586,0.5981686,0.58231497,0.56457376,0.58420384,0.0,0.0,0.47103468,0.61471844,0.6496912,0.89871925,0.32595596,0.92720413,0.0,0.0,0.0,0.0,0.0,0.0,0.0,0.0,0.0,0.0,0.0,0.0,0.0,0.0,0.0,0.0,0.0,0.0,0.0,0.0
1,0.599835,0.6399301,0.60010463,0.5857984,0.56910783,0.588384,0.0,0.0,0.47655338,0.6091668,0.6441144,0.89552987,0.3365154,0.9189164,0.0,0.0,0.0,0.0,0.0,0.0,0.0,0.0,0.0,0.0,0.0,0.0,0.0,0.0,0.0,0.0,0.0,0.0,0.0,0.0
1,0.6012573,0.6400332,0.6031951,0.5882918,0.5691657,0.58994347,0.0,0.0,0.47369188,0.6165576,0.6492459,0.8991487,0.32535845,0.92703307,0.0,0.0,0.0,0.0,0.0,0.0,0.0,0.0,0.0,0.0,0.0,0.0,0.0,0.0,0.0,0.0,0.0,0.0,0.0,0.0
1,0.60538095,0.6450217,0.6064663,0.5905463,0.5743593,0.5907876,0.0,0.0,0.47807163,0.61276025,0.6509916,0.90768415,0.31809697,0.94162625,0.0,0.0,0.0,0.0,0.0,0.0,0.0,0.0,0.0,0.0,0.0,0.0,0.0,0.0,0.0,0.0,0.0,0.0,0.0,0.0
1,0.6049853,0.6451269,0.6069731,0.5925693,0.5734507,0.59335315,0.0,0.0,0.47721544,0.6150262,0.64883715,0.8984853,0.3232388,0.92589504,0.0,0.0,0.0,0.0,0.0,0.0,0.0,0.0,0.0,0.0,0.0,0.0,0.0,0.0,0.0,0.0,0.0,0.0,0.0,0.0
1,0.5979196,0.6204177,0.59813225,0.56837374,0.5657274,0.57290214,0.0,0.0,0.47499138,0.60631186,0.64485633,0.8969451,0.34118158,0.9155039,0.0,0.0,0.0,0.0,0.0,0.0,0.0,0.0,0.0,0.0,0.0,0.0,0.0,0.0,0.0,0.0,0.0,0.0,0.0,0.0
1,0.5959846,0.6159905,0.5976471,0.56494164,0.563695,0.56526077,0.0,0.0,0.47071815,0.5996304,0.64738643,0.903652,0.33517718,0.9280134,0.0,0.0,0.0,0.0,0.0,0.0,0.0,0.0,0.0,0.0,0.0,0.0,0.0,0.0,0.0,0.0,0.0,0.0,0.0,0.0
1,0.59232676,0.604414,0.59359896,0.5603349,0.5596161,0.56002915,0.0,0.0,0.4689549,0.60364157,0.64851594,0.89972925,0.33590984,0.9124566,0.0,0.0,0.0,0.0,0.0,0.0,0.0,0.0,0.0,0.0,0.0,0.0,0.0,0.0,0.0,0.0,0.0,0.0,0.0,0.0
1,0.59139663,0.60026354,0.59137785,0.5561743,0.5584461,0.5567605,0.0,0.0,0.46767837,0.6026346,0.6459477,0.8977797,0.33362618,0.9149009,0.0,0.0,0.0,0.0,0.0,0.0,0.0,0.0,0.0,0.0,0.0,0.0,0.0,0.0,0.0,0.0,0.0,0.0,0.0,0.0
1,0.58334,0.5822655,0.58151364,0.5431154,0.548623,0.54150367,0.0,0.0,0.45751286,0.60004264,0.6451984,0.90324223,0.33320436,0.9137056,0.0,0.0,0.0,0.0,0.0,0.0,0.0,0.0,0.0,0.0,0.0,0.0,0.0,0.0,0.0,0.0,0.0,0.0,0.0,0.0
1,0.58353245,0.5812547,0.58098984,0.54284555,0.5494914,0.541689,0.0,0.0,0.45869857,0.6014807,0.6465281,0.90536,0.32797238,0.9143626,0.0,0.0,0.0,0.0,0.0,0.0,0.0,0.0,0.0,0.0,0.0,0.0,0.0,0.0,0.0,0.0,0.0,0.0,0.0,0.0
1,0.5815651,0.5746207,0.5805049,0.538314,0.54822916,0.53513235,0.0,0.0,0.46093673,0.5948325,0.6418518,0.90374637,0.3410891,0.9064843,0.0,0.0,0.0,0.0,0.0,0.0,0.0,0.0,0.0,0.0,0.0,0.0,0.0,0.0,0.0,0.0,0.0,0.0,0.0,0.0
1,0.5816229,0.57877606,0.5799715,0.53883904,0.547904,0.5380504,0.0,0.0,0.45827022,0.5954929,0.64508927,0.9013682,0.32886818,0.9176981,0.0,0.0,0.0,0.0,0.0,0.0,0.0,0.0,0.0,0.0,0.0,0.0,0.0,0.0,0.0,0.0,0.0,0.0,0.0,0.0
1,0.57686913,0.564625,0.57571715,0.527602,0.5414517,0.5287666,0.0,0.0,0.4545993,0.5981316,0.6450468,0.90014935,0.32640642,0.91612065,0.0,0.0,0.0,0.0,0.0,0.0,0.0,0.0,0.0,0.0,0.0,0.0,0.0,0.0,0.0,0.0,0.0,0.0,0.0,0.0
1,0.5768179,0.569249,0.57379395,0.5308537,0.54125726,0.53110653,0.0,0.0,0.45246014,0.5963535,0.6449355,0.9032942,0.3311029,0.9096017,0.0,0.0,0.0,0.0,0.0,0.0,0.0,0.0,0.0,0.0,0.0,0.0,0.0,0.0,0.0,0.0,0.0,0.0,0.0,0.0
1,0.57259834,0.56196433,0.5709504,0.5259261,0.53674465,0.5271164,0.0,0.0,0.44955403,0.59839576,0.6457411,0.8982934,0.32246685,0.91938335,0.0,0.0,0.0,0.0,0.0,0.0,0.0,0.0,0.0,0.0,0.0,0.0,0.0,0.0,0.0,0.0,0.0,0.0,0.0,0.0
1,0.57544404,0.56481594,0.57307106,0.5279068,0.5390879,0.5279982,0.0,0.0,0.44895792,0.59871536,0.64649343,0.90458906,0.3217815,0.92039025,0.0,0.0,0.0,0.0,0.0,0.0,0.0,0.0,0.0,0.0,0.0,0.0,0.0,0.0,0.0,0.0,0.0,0.0,0.0,0.0
1,0.57355183,0.56969607,0.57304066,0.5324614,0.5374684,0.5336391,0.0,0.0,0.44970942,0.60306984,0.64454156,0.90174264,0.3248034,0.9168335,0.0,0.0,0.0,0.0,0.0,0.0,0.0,0.0,0.0,0.0,0.0,0.0,0.0,0.0,0.0,0.0,0.0,0.0,0.0,0.0
1,0.5772336,0.576695,0.57609844,0.53841496,0.5422473,0.53808653,0.0,0.0,0.4530332,0.6009555,0.6423832,0.9021329,0.3297883,0.9184209,0.0,0.0,0.0,0.0,0.0,0.0,0.0,0.0,0.0,0.0,0.0,0.0,0.0,0.0,0.0,0.0,0.0,0.0,0.0,0.0
1,0.5803318,0.5817415,0.5782844,0.54242027,0.5456567,0.5431534,0.0,0.0,0.45713097,0.60187656,0.6436683,0.8965468,0.3355526,0.9032756,0.0,0.0,0.0,0.0,0.0,0.0,0.0,0.0,0.0,0.0,0.0,0.0,0.0,0.0,0.0,0.0,0.0,0.0,0.0,0.0
1,0.59146076,0.6131489,0.5923346,0.56550664,0.5588736,0.56544065,0.0,0.0,0.46491462,0.6025465,0.6450511,0.898674,0.321367,0.92456937,0.0,0.0,0.0,0.0,0.0,0.0,0.0,0.0,0.0,0.0,0.0,0.0,0.0,0.0,0.0,0.0,0.0,0.0,0.0,0.0
1,0.592738,0.6199929,0.594938,0.5710264,0.55975085,0.5699409,0.0,0.0,0.46486893,0.60299355,0.6466278,0.8982097,0.33228034,0.91601646,0.0,0.0,0.0,0.0,0.0,0.0,0.0,0.0,0.0,0.0,0.0,0.0,0.0,0.0,0.0,0.0,0.0,0.0,0.0,0.0
1,0.5949763,0.6504016,0.59795,0.59450346,0.56456333,0.59633905,0.0,0.0,0.47317663,0.61410046,0.6437646,0.90691096,0.3275482,0.9327279,0.0,0.0,0.0,0.0,0.0,0.0,0.0,0.0,0.0,0.0,0.0,0.0,0.0,0.0,0.0,0.0,0.0,0.0,0.0,0.0
1,0.59766054,0.6474795,0.6018785,0.5934462,0.5661144,0.5933712,0.0,0.0,0.4729382,0.61080986,0.6476957,0.9016189,0.32848665,0.915446,0.0,0.0,0.0,0.0,0.0,0.0,0.0,0.0,0.0,0.0,0.0,0.0,0.0,0.0,0.0,0.0,0.0,0.0,0.0,0.0
1,0.59872174,0.65036327,0.60047215,0.59371114,0.5676311,0.59653157,0.0,0.0,0.47508207,0.6140365,0.64102215,0.90381217,0.33301225,0.9314237,0.0,0.0,0.0,0.0,0.0,0.0,0.0,0.0,0.0,0.0,0.0,0.0,0.0,0.0,0.0,0.0,0.0,0.0,0.0,0.0
1,0.5982874,0.6516128,0.6017099,0.5976555,0.56705755,0.59826523,0.0,0.0,0.4738276,0.6145553,0.6438359,0.8960519,0.32988605,0.9199475,0.0,0.0,0.0,0.0,0.0,0.0,0.0,0.0,0.0,0.0,0.0,0.0,0.0,0.0,0.0,0.0,0.0,0.0,0.0,0.0
1,0.60194385,0.6643725,0.6073521,0.6100343,0.5720861,0.6092002,0.0,0.0,0.48084122,0.6201918,0.6402496,0.9050765,0.33394465,0.91924,0.0,0.0,0.0,0.0,0.0,0.0,0.0,0.0,0.0,0.0,0.0,0.0,0.0,0.0,0.0,0.0,0.0,0.0,0.0,0.0
1,0.60405636,0.66593677,0.6097423,0.6113441,0.57341635,0.6100932,0.0,0.0,0.47994727,0.6204111,0.64541274,0.9024819,0.3241796,0.92690796,0.0,0.0,0.0,0.0,0.0,0.0,0.0,0.0,0.0,0.0,0.0,0.0,0.0,0.0,0.0,0.0,0.0,0.0,0.0,0.0
1,0.60208255,0.6684819,0.60845304,0.61110604,0.57083327,0.61212456,0.0,0.0,0.4789806,0.6208102,0.6432319,0.9008249,0.34272403,0.91466826,0.0,0.0,0.0,0.0,0.0,0.0,0.0,0.0,0.0,0.0,0.0,0.0,0.0,0.0,0.0,0.0,0.0,0.0,0.0,0.0
1,0.60280937,0.6694708,0.6081734,0.61220175,0.5719083,0.6125075,0.0,0.0,0.4776779,0.6188788,0.6426164,0.8983951,0.3371168,0.9143723,0.0,0.0,0.0,0.0,0.0,0.0,0.0,0.0,0.0,0.0,0.0,0.0,0.0,0.0,0.0,0.0,0.0,0.0,0.0,0.0
1,0.60295033,0.66453403,0.60890496,0.6058995,0.5719999,0.6061995,0.0,0.0,0.47747797,0.6137628,0.64262754,0.904294,0.326746,0.9298726,0.0,0.0,0.0,0.0,0.0,0.0,0.0,0.0,0.0,0.0,0.0,0.0,0.0,0.0,0.0,0.0,0.0,0.0,0.0,0.0
1,0.6007965,0.6538909,0.6070787,0.59869057,0.5680233,0.59899414,0.0,0.0,0.4719078,0.61769897,0.64712894,0.9030436,0.31524977,0.9299427,0.0,0.0,0.0,0.0,0.0,0.0,0.0,0.0,0.0,0.0,0.0,0.0,0.0,0.0,0.0,0.0,0.0,0.0,0.0,0.0
1,0.5993103,0.6495469,0.6037377,0.59195966,0.5669147,0.5939684,0.0,0.0,0.47422487,0.61248887,0.6463939,0.90455186,0.3305046,0.93083835,0.0,0.0,0.0,0.0,0.0,0.0,0.0,0.0,0.0,0.0,0.0,0.0,0.0,0.0,0.0,0.0,0.0,0.0,0.0,0.0
1,0.5970485,0.6405386,0.602562,0.5860724,0.56505746,0.58593416,0.0,0.0,0.47166863,0.6063308,0.6490677,0.8987961,0.32502696,0.9297872,0.0,0.0,0.0,0.0,0.0,0.0,0.0,0.0,0.0,0.0,0.0,0.0,0.0,0.0,0.0,0.0,0.0,0.0,0.0,0.0
1,0.5934577,0.63281316,0.59713185,0.5778176,0.5608002,0.579889,0.0,0.0,0.4694057,0.6052399,0.6474083,0.8993159,0.33541852,0.9245933,0.0,0.0,0.0,0.0,0.0,0.0,0.0,0.0,0.0,0.0,0.0,0.0,0.0,0.0,0.0,0.0,0.0,0.0,0.0,0.0
1,0.5936719,0.62286407,0.5968343,0.57190126,0.56023014,0.573317,0.0,0.0,0.46605405,0.60569286,0.64856637,0.89456636,0.32338458,0.92410624,0.0,0.0,0.0,0.0,0.0,0.0,0.0,0.0,0.0,0.0,0.0,0.0,0.0,0.0,0.0,0.0,0.0,0.0,0.0,0.0
1,0.5904804,0.61523026,0.5943361,0.56588,0.55658805,0.5654618,0.0,0.0,0.46206412,0.60198134,0.6489371,0.8998957,0.31983653,0.9299352,0.0,0.0,0.0,0.0,0.0,0.0,0.0,0.0,0.0,0.0,0.0,0.0,0.0,0.0,0.0,0.0,0.0,0.0,0.0,0.0
1,0.58428466,0.5985101,0.58565646,0.55173,0.54825085,0.55519354,0.0,0.0,0.45609194,0.60586554,0.64875084,0.90095466,0.32563218,0.91783196,0.0,0.0,0.0,0.0,0.0,0.0,0.0,0.0,0.0,0.0,0.0,0.0,0.0,0.0,0.0,0.0,0.0,0.0,0.0,0.0
1,0.5828432,0.59636664,0.5845567,0.550348,0.54752856,0.5528502,0.0,0.0,0.4571795,0.6007858,0.64628106,0.8943592,0.33415073,0.9086243,0.0,0.0,0.0,0.0,0.0,0.0,0.0,0.0,0.0,0.0,0.0,0.0,0.0,0.0,0.0,0.0,0.0,0.0,0.0,0.0
1,0.57791436,0.58770937,0.5782741,0.5445156,0.5422075,0.54981744,0.0,0.0,0.45597163,0.6101935,0.6472012,0.8955195,0.3314268,0.9198076,0.0,0.0,0.0,0.0,0.0,0.0,0.0,0.0,0.0,0.0,0.0,0.0,0.0,0.0,0.0,0.0,0.0,0.0,0.0,0.0
1,0.576578,0.5821594,0.57737863,0.5406314,0.54090375,0.5443338,0.0,0.0,0.45436853,0.60830003,0.64877224,0.90035313,0.32223254,0.92426336,0.0,0.0,0.0,0.0,0.0,0.0,0.0,0.0,0.0,0.0,0.0,0.0,0.0,0.0,0.0,0.0,0.0,0.0,0.0,0.0
1,0.57567173,0.58117986,0.576248,0.5394153,0.5391679,0.54122436,0.0,0.0,0.45059282,0.6026379,0.64626634,0.9002828,0.3311661,0.9174732,0.0,0.0,0.0,0.0,0.0,0.0,0.0,0.0,0.0,0.0,0.0,0.0,0.0,0.0,0.0,0.0,0.0,0.0,0.0,0.0
1,0.56946266,0.57457614,0.5707787,0.53320205,0.5317494,0.53758645,0.0,0.0,0.4467926,0.6060133,0.6475703,0.9019848,0.32831493,0.9171865,0.0,0.0,0.0,0.0,0.0,0.0,0.0,0.0,0.0,0.0,0.0,0.0,0.0,0.0,0.0,0.0,0.0,0.0,0.0,0.0
1,0.5703403,0.57205296,0.5706145,0.5323697,0.5332352,0.535687,0.0,0.0,0.4472981,0.6036026,0.6463808,0.896531,0.32509026,0.92117476,0.0,0.0,0.0,0.0,0.0,0.0,0.0,0.0,0.0,0.0,0.0,0.0,0.0,0.0,0.0,0.0,0.0,0.0,0.0,0.0
1,0.567828,0.5714235,0.5682778,0.5324317,0.53138846,0.5346594,0.0,0.0,0.4463926,0.60269225,0.6468439,0.89590716,0.32856268,0.9191263,0.0,0.0,0.0,0.0,0.0,0.0,0.0,0.0,0.0,0.0,0.0,0.0,0.0,0.0,0.0,0.0,0.0,0.0,0.0,0.0
1,0.5690886,0.56267464,0.56787807,0.5251767,0.5313377,0.5297412,0.0,0.0,0.4468511,0.606459,0.64813733,0.902787,0.32700706,0.91860455,0.0,0.0,0.0,0.0,0.0,0.0,0.0,0.0,0.0,0.0,0.0,0.0,0.0,0.0,0.0,0.0,0.0,0.0,0.0,0.0
1,0.5678727,0.5681013,0.5682966,0.52807975,0.5322296,0.5327125,0.0,0.0,0.44931197,0.6038692,0.6459606,0.9027814,0.332164,0.9151631,0.0,0.0,0.0,0.0,0.0,0.0,0.0,0.0,0.0,0.0,0.0,0.0,0.0,0.0,0.0,0.0,0.0,0.0,0.0,0.0
1,0.5724363,0.5719001,0.57241786,0.53305125,0.5350966,0.5350475,0.0,0.0,0.44574752,0.6051611,0.6459176,0.903134,0.31805852,0.9263799,0.0,0.0,0.0,0.0,0.0,0.0,0.0,0.0,0.0,0.0,0.0,0.0,0.0,0.0,0.0,0.0,0.0,0.0,0.0,0.0
1,0.57968724,0.5915136,0.5787979,0.5514464,0.5447055,0.5484027,0.0,0.0,0.45124856,0.60388047,0.64489603,0.90338963,0.328026,0.9172389,0.0,0.0,0.0,0.0,0.0,0.0,0.0,0.0,0.0,0.0,0.0,0.0,0.0,0.0,0.0,0.0,0.0,0.0,0.0,0.0
1,0.58105415,0.5955728,0.5809084,0.5559329,0.5471395,0.55333763,0.0,0.0,0.4553465,0.6051873,0.64265585,0.89818466,0.33052093,0.91369927,0.0,0.0,0.0,0.0,0.0,0.0,0.0,0.0,0.0,0.0,0.0,0.0,0.0,0.0,0.0,0.0,0.0,0.0,0.0,0.0
1,0.58309925,0.6032973,0.5834246,0.557479,0.549513,0.55997413,0.0,0.0,0.4593877,0.60538423,0.6445667,0.89420825,0.33016744,0.9158113,0.0,0.0,0.0,0.0,0.0,0.0,0.0,0.0,0.0,0.0,0.0,0.0,0.0,0.0,0.0,0.0,0.0,0.0,0.0,0.0
1,0.58669794,0.61371225,0.58762443,0.56646866,0.5528814,0.56707025,0.0,0.0,0.4582441,0.6065613,0.64424735,0.89475596,0.323327,0.91933703,0.0,0.0,0.0,0.0,0.0,0.0,0.0,0.0,0.0,0.0,0.0,0.0,0.0,0.0,0.0,0.0,0.0,0.0,0.0,0.0
1,0.5911158,0.6157335,0.5910271,0.5704351,0.558418,0.56971943,0.0,0.0,0.46360064,0.6084922,0.6436976,0.8962579,0.3316434,0.91549265,0.0,0.0,0.0,0.0,0.0,0.0,0.0,0.0,0.0,0.0,0.0,0.0,0.0,0.0,0.0,0.0,0.0,0.0,0.0,0.0
1,0.59515005,0.6411992,0.59638387,0.5870096,0.56237954,0.5900526,0.0,0.0,0.46684417,0.61518663,0.6469715,0.8995095,0.32713154,0.9260866,0.0,0.0,0.0,0.0,0.0,0.0,0.0,0.0,0.0,0.0,0.0,0.0,0.0,0.0,0.0,0.0,0.0,0.0,0.0,0.0
1,0.5943357,0.64193934,0.5960362,0.5888248,0.5616909,0.59301275,0.0,0.0,0.46906096,0.62120754,0.6462552,0.9017814,0.31863326,0.9294715,0.0,0.0,0.0,0.0,0.0,0.0,0.0,0.0,0.0,0.0,0.0,0.0,0.0,0.0,0.0,0.0,0.0,0.0,0.0,0.0
1,0.5966876,0.65623087,0.6001619,0.5998045,0.56381464,0.60420716,0.0,0.0,0.47047725,0.6252289,0.64640486,0.89977944,0.32177565,0.9331751,0.0,0.0,0.0,0.0,0.0,0.0,0.0,0.0,0.0,0.0,0.0,0.0,0.0,0.0,0.0,0.0,0.0,0.0,0.0,0.0
1,0.599311,0.65703875,0.6026067,0.60364836,0.56815225,0.60442656,0.0,0.0,0.47192472,0.6232481,0.64588714,0.9027427,0.31624788,0.9351485,0.0,0.0,0.0,0.0,0.0,0.0,0.0,0.0,0.0,0.0,0.0,0.0,0.0,0.0,0.0,0.0,0.0,0.0,0.0,0.0
1,0.59859335,0.6669492,0.60522413,0.6102435,0.5659606,0.61278886,0.0,0.0,0.47282067,0.6258733,0.6498336,0.9001153,0.32592636,0.9233185,0.0,0.0,0.0,0.0,0.0,0.0,0.0,0.0,0.0,0.0,0.0,0.0,0.0,0.0,0.0,0.0,0.0,0.0,0.0,0.0
1,0.59867644,0.66889066,0.6048962,0.609679,0.56545633,0.6142538,0.0,0.0,0.47261629,0.62777585,0.64452875,0.8988183,0.33446142,0.9197826,0.0,0.0,0.0,0.0,0.0,0.0,0.0,0.0,0.0,0.0,0.0,0.0,0.0,0.0,0.0,0.0,0.0,0.0,0.0,0.0
